Barn ID,Barn Name,Ear Tag Code,Registration Number,Registration Name,Chain Number,Location Pen Number,Nomination ID,Order Number,Order Date,Lab Status,Lab Status Date,Genotyped,Current group,Initial group,Birth Date,Due Date,Calving Date,Type,Lact. Number,Preg Status,No. Services,Inb.%,Genomic Inb. %,R-Value,Sire Semen Code,Sire Reg Number,Sire Name,Dam,MGS Semen Code,MGS Reg Number,MGS Name,GMGS Semen Code,GMGS Reg Number,GMGS Name,Proof Source,Evaluation date,Immunity,Calf,LPI,paLPI,Pro$,paPro$,Client Index,paClient Index,PROD,HEALTH,L-TYPE,REPRO,M-ABILITY,ENVIRO,Milk (kg),Fat (kg),%Fat,Prot (kg),%Prot,FE,BMR,ME,SCS,HL,MR,MDR,HH,LP,DF,MSp,MTemp,CA,DCA,BCS,CO,CH,Conf,MS,FL,DS,RU,UD,UT,MSu,UF,FA,TL,FTP,RTP,RAH,RAW,FAng,HD,LOC,FLV,RLSV,RLRV,BQ,STA,HFE,CW,BD,RS,RAng,PW,LS,TP,Polled Test,Color Test,BLAD,BY,CIT,CVM,DUMPS,MF,HH1,HH2,HH3,HH4,HH5,HH6,HCD,HMW,A2 Test,KappaBB,Lactoglobulin,BetaCasein,AY%,BS%,GU%,HO%,JE%,Parent conflict,Parent discovered,Original Sire Semen Code,Original Sire Reg Number,Original Sire Name,Original Dam Reg Number,Original MGS Semen Code,Original MGS Reg Number,Original MGS Name
SYN0000,SYNTHETIC_ANIMAL_000,SYN0000,SYN0000,SYNTHETIC_ANIMAL_000,,6.0,SYN0000,SYN0000,2026-05-03 02:42:40.073154105,Lab waiting for sample to arrive,2022-10-21 14:47:41.955764414,Y,Conventional,Sexed,2019-03-15 19:55:35.762973207,2026-06-16 05:06:02.538791696,2025-06-27 05:00:44.568942975,Heifer,2.0,P,2.0,10.065324053431121,,12.680883920218742,SYNTH00000,SYNTHM00000000,SYNTH_SIRE_07,SYN0000,SYNTH00000,SYNTH00000,SYNTHETIC_ANIMAL_000,SYNTH00000,SYNTH00000,SYNTHETIC_ANIMAL_000,SMX PA,2026-01-20 22:48:27.267314034,112.0,105.0,3534.0,3153.0,651.0,-12.0,3090.0,3379.0,587.0,611.0,843.0,432.0,486.0,505.0,-357.0,82.0,0.16708582497637198,56.0,0.08087902232221535,98.0,97.0,103.0,101.0,103.0,107.0,98.0,104.0,99.0,105.0,100.0,101.0,102.0,105.0,99.0,105.0,98.0,14.0,5.0,2.0,8.0,4.0,1.0,-1.0,1.0,7.0,0.0,-6.0,-0.0,3.0,4.0,11.0,2.0,4.0,2.0,-0.0,9.0,0.0,6.0,9.0,-5.0,3.0,-2.0,6.0,11.0,3.0,-1.0,-2.0,,ED/ED,1.0,3.0,0.0,8.0,1.0,1.0,0.0,0.0,2.455493990670661,1.0,0.0,0.7720375536142557,9.73363959069676,8.0,A2/A2,AE,NR,AA,0.0,0.0,0.0,,0.0,,Y,SYNTH00000,SYNTH00000,SYNTHETIC_ANIMAL_000,SYNTH00000,SYNTH00000,SYNTH00000,SYNTHETIC_ANIMAL_000
SYN0001,SYNTHETIC_ANIMAL_001,SYN0001,SYN0001,SYNTHETIC_ANIMAL_001,,9.0,SYN0001,SYN0001,2025-07-20 06:54:01.522607262,Completed,2026-01-24 21:31:27.948602147,N,,Sexed,2018-01-04 17:59:55.729237184,2026-06-23 06:47:20.259869471,,Heifer,1.0,P,4.0,4.243013814388429,13.16704455506069,13.085855244509656,SYNTH00001,SYNTHM00000001,SYNTH_SIRE_15,SYN0001,SYNTH00001,SYNTH00001,SYNTHETIC_ANIMAL_001,SYNTH00001,SYNTH00001,SYNTHETIC_ANIMAL_001,GPA,2026-06-04 19:41:57.708346258,102.0,,3087.0,3020.0,953.0,735.0,3232.0,2963.0,615.0,564.0,745.0,581.0,521.0,528.0,7.0,13.0,0.23757470658974653,27.0,0.16428759341746,103.0,99.0,103.0,110.0,100.0,96.0,101.0,93.0,104.0,99.0,98.0,98.0,97.0,101.0,100.0,102.0,105.0,6.0,8.0,1.0,5.0,5.0,-1.0,,2.0,1.0,10.0,-0.0,3.0,7.0,1.0,6.0,3.0,2.0,9.0,-4.0,1.0,5.0,-3.0,3.0,5.0,6.0,3.0,-2.0,0.0,1.0,6.0,3.0,,,1.0,4.0,0.0,0.0,1.0,1.0,0.7353437156264847,0.0,5.169723054251695,0.9061510294423966,9.183004918541304,5.478646045332063,7.766152449092331,9.0,A2/A2,AB,,AB,0.0,0.0,0.0,100.0,0.0,,N,SYNTH00001,SYNTH00001,SYNTHETIC_ANIMAL_001,SYNTH00001,SYNTH00001,SYNTH00001,SYNTHETIC_ANIMAL_001
SYN0002,SYNTHETIC_ANIMAL_002,SYN0002,SYN0002,SYNTHETIC_ANIMAL_002,,21.0,SYN0002,SYN0002,2025-12-01 12:12:49.133576555,Completed,2025-12-29 17:31:13.289337931,Y,Conventional,Sexed,2023-05-13 02:32:59.671430231,,2025-07-20 19:04:26.164113795,Heifer,1.0,P,4.0,8.447055991464243,18.961742572352,,SYNTH00002,SYNTHM00000002,SYNTH_SIRE_16,SYN0002,SYNTH00002,SYNTH00002,SYNTHETIC_ANIMAL_002,SYNTH00002,SYNTH00002,SYNTHETIC_ANIMAL_002,SMX PA,2025-12-05 14:50:02.925545907,107.0,111.0,3255.0,3519.0,1159.0,330.0,2792.0,3369.0,606.0,572.0,691.0,465.0,512.0,478.0,-155.0,52.0,0.48289367165403707,37.0,0.24212841475168584,104.0,96.0,100.0,99.0,108.0,100.0,100.0,107.0,94.0,104.0,102.0,101.0,103.0,100.0,96.0,97.0,102.0,14.0,13.0,2.0,0.0,6.0,3.0,8.0,8.0,8.0,-2.0,5.0,6.0,8.0,4.0,5.0,-4.0,5.0,5.0,3.0,-4.0,10.0,0.0,1.0,-0.0,2.0,0.0,5.0,9.0,5.0,-3.0,2.0,,,1.0,0.0,0.0,0.0,1.0,1.0,7.156132033702826,0.0,0.8746053305230069,1.0,0.0,4.946015314202196,0.0,9.0,A2/A2,,AB,AA,0.0,0.0,,,0.0,,,SYNTH00002,SYNTH00002,SYNTHETIC_ANIMAL_002,SYNTH00002,SYNTH00002,SYNTH00002,SYNTHETIC_ANIMAL_002
SYN0003,SYNTHETIC_ANIMAL_003,SYN0003,SYN0003,SYNTHETIC_ANIMAL_003,,1.0,SYN0003,SYN0003,2022-08-28 02:06:05.405500205,Completed,2024-07-15 12:20:46.418257774,Y,,Conventional,2024-01-08 13:19:35.362267569,2026-11-05 05:36:01.558133263,,Cow,0.0,P,,7.977499081528569,,11.205171888995237,SYNTH00003,SYNTHM00000003,SYNTH_SIRE_12,SYN0003,SYNTH00003,SYNTH00003,SYNTHETIC_ANIMAL_003,SYNTH00003,SYNTH00003,SYNTHETIC_ANIMAL_003,EBV,2026-05-03 15:48:16.070580249,102.0,101.0,3226.0,3149.0,1120.0,-140.0,3444.0,2869.0,610.0,608.0,622.0,439.0,471.0,383.0,818.0,8.0,0.19012578364496616,37.0,0.17871569996421877,103.0,92.0,96.0,103.0,106.0,104.0,97.0,100.0,96.0,101.0,103.0,102.0,98.0,97.0,100.0,100.0,95.0,9.0,-1.0,4.0,7.0,7.0,-1.0,7.0,1.0,5.0,0.0,6.0,-2.0,1.0,-3.0,8.0,2.0,7.0,2.0,3.0,-1.0,-3.0,7.0,1.0,3.0,8.0,-2.0,-0.0,1.0,-2.0,2.0,5.0,,,0.0,0.0,0.0,4.0,1.0,1.0,0.0,0.0,3.5740286077741636,0.8564250124139424,20.220655841486263,0.0,6.410998511333918,5.0,,AB,AB,AA,,,0.0,,,Y,N,SYNTH00003,SYNTH00003,SYNTHETIC_ANIMAL_003,SYNTH00003,SYNTH00003,SYNTH00003,SYNTHETIC_ANIMAL_003
SYN0004,SYNTHETIC_ANIMAL_004,SYN0004,SYN0004,SYNTHETIC_ANIMAL_004,,6.0,SYN0004,SYN0004,2025-05-02 18:58:10.852540267,,2024-11-24 20:48:53.598144912,N,Ivf,,2020-02-20 00:16:38.766211004,2026-08-27 09:31:45.854485047,2025-05-24 13:55:44.488735000,Heifer,0.0,P,,11.482872783477703,,12.59546548448765,SYNTH00004,SYNTHM00000002,SYNTH_SIRE_16,SYN0004,SYNTH00004,SYNTH00004,SYNTHETIC_ANIMAL_004,SYNTH00004,SYNTH00004,SYNTHETIC_ANIMAL_004,GEBV,2026-07-06 20:45:53.113222982,102.0,,3444.0,3188.0,-238.0,530.0,3797.0,3071.0,577.0,463.0,463.0,473.0,456.0,432.0,601.0,32.0,0.33769496751568584,13.0,0.10428946980624657,97.0,95.0,102.0,99.0,104.0,107.0,104.0,88.0,94.0,94.0,95.0,96.0,99.0,100.0,101.0,106.0,94.0,7.0,6.0,-5.0,3.0,2.0,3.0,3.0,2.0,-2.0,-5.0,1.0,2.0,-1.0,6.0,9.0,5.0,4.0,2.0,7.0,1.0,-1.0,-5.0,-2.0,7.0,4.0,-4.0,1.0,6.0,4.0,5.0,1.0,,,1.0,5.0,0.0,0.0,0.0,1.0,0.0,1.0923677949787913,2.2482211995776082,0.9876486985703479,0.0,0.0,21.616535146851287,4.0,A2/A2,BB,,AA,0.0,,,100.0,0.0,,N,SYNTH00004,SYNTH00004,SYNTHETIC_ANIMAL_004,SYNTH00004,SYNTH00004,SYNTH00004,SYNTHETIC_ANIMAL_004
SYN0005,SYNTHETIC_ANIMAL_005,SYN0005,SYN0005,SYNTHETIC_ANIMAL_005,,10.0,SYN0005,SYN0005,2024-01-26 01:53:04.982170016,Completed,2023-06-04 19:25:20.448637095,N,,,2025-03-02 17:22:23.522221959,2026-10-15 08:45:12.756695650,,Cow,3.0,NP,3.0,7.815692072483284,15.908072708344344,12.762589700934225,SYNTH00005,SYNTHM00000004,SYNTH_SIRE_05,SYN0005,SYNTH00005,SYNTH00005,SYNTHETIC_ANIMAL_005,SYNTH00005,SYNTH00005,SYNTHETIC_ANIMAL_005,GPA,2025-11-29 15:41:23.320861045,99.0,101.0,2951.0,3136.0,854.0,349.0,3449.0,3518.0,543.0,504.0,516.0,541.0,475.0,367.0,1002.0,20.0,0.05911843395493771,37.0,-0.010106493221590157,105.0,102.0,95.0,108.0,109.0,102.0,102.0,98.0,97.0,95.0,98.0,96.0,105.0,100.0,100.0,107.0,101.0,6.0,0.0,4.0,6.0,2.0,1.0,1.0,-2.0,1.0,4.0,6.0,-2.0,-3.0,5.0,8.0,4.0,3.0,7.0,4.0,-3.0,2.0,3.0,4.0,-3.0,2.0,-4.0,12.0,8.0,6.0,9.0,4.0,,,1.0,0.0,0.0,5.0,1.0,1.0,7.100343616980719,7.457369086621975,0.3579762376701652,1.0,0.0,4.758805748443626,5.241044911932027,3.0,,BE,NR,AB,0.0,0.0,0.0,100.0,0.0,Y,N,SYNTH00005,SYNTH00005,SYNTHETIC_ANIMAL_005,SYNTH00005,SYNTH00005,SYNTH00005,SYNTHETIC_ANIMAL_005
SYN0006,SYNTHETIC_ANIMAL_006,SYN0006,SYN0006,SYNTHETIC_ANIMAL_006,,11.0,SYN0006,SYN0006,,Sample processing at lab,2022-06-25 11:48:20.052394040,Y,,,2015-10-15 05:43:15.674591327,2027-01-28 04:39:46.525402417,2026-03-01 14:58:07.868645737,Heifer,0.0,NP,3.0,6.413540964331614,11.773116907277593,13.387541608220573,SYNTH00006,SYNTHM00000005,SYNTH_SIRE_17,SYN0006,SYNTH00006,SYNTH00006,SYNTHETIC_ANIMAL_006,SYNTH00006,SYNTH00006,SYNTHETIC_ANIMAL_006,PA,2026-01-02 14:11:10.686037061,,114.0,3533.0,2731.0,1186.0,1524.0,3660.0,3329.0,501.0,501.0,739.0,469.0,573.0,361.0,625.0,62.0,0.3889243460979245,10.0,-0.05541442584758889,105.0,98.0,97.0,105.0,97.0,101.0,99.0,102.0,97.0,96.0,90.0,105.0,98.0,95.0,101.0,107.0,98.0,4.0,8.0,2.0,2.0,9.0,0.0,7.0,4.0,1.0,-1.0,0.0,-2.0,5.0,3.0,11.0,10.0,4.0,-0.0,-1.0,8.0,1.0,3.0,-1.0,2.0,2.0,0.0,3.0,-2.0,7.0,1.0,1.0,PP,,1.0,0.0,0.0,0.0,1.0,1.0,0.0,0.0,0.0,0.7561666506461622,0.0,0.0,0.0,0.0,A1/A2,AE,BB,AB,0.0,,,100.0,0.0,,,SYNTH00006,SYNTH00006,SYNTHETIC_ANIMAL_006,SYNTH00006,SYNTH00006,SYNTH00006,SYNTHETIC_ANIMAL_006
SYN0007,SYNTHETIC_ANIMAL_007,SYN0007,SYN0007,SYNTHETIC_ANIMAL_007,,5.0,SYN0007,SYN0007,2024-12-29 20:01:14.879627803,,2024-10-13 18:27:52.334481393,Y,,Sexed,2024-12-28 20:39:15.681031264,,2025-09-27 14:25:17.476381535,Cow,2.0,NP,3.0,6.923651717046873,,11.20833340572026,SYNTH00007,SYNTHM00000003,SYNTH_SIRE_12,SYN0007,SYNTH00007,SYNTH00007,SYNTHETIC_ANIMAL_007,SYNTH00007,SYNTH00007,SYNTHETIC_ANIMAL_007,GPA,2026-04-25 23:39:40.938973868,104.0,99.0,3376.0,2938.0,939.0,1536.0,3002.0,3155.0,401.0,413.0,562.0,449.0,441.0,513.0,524.0,20.0,0.3307733991832887,14.0,0.022727984612522983,102.0,99.0,98.0,99.0,103.0,104.0,101.0,98.0,95.0,96.0,103.0,101.0,103.0,98.0,104.0,104.0,99.0,6.0,1.0,8.0,3.0,7.0,0.0,-1.0,7.0,6.0,-1.0,3.0,-0.0,-4.0,2.0,7.0,7.0,4.0,2.0,-2.0,10.0,1.0,8.0,6.0,1.0,2.0,2.0,1.0,-0.0,1.0,1.0,3.0,,,1.0,5.0,0.0,0.0,1.0,1.0,5.6936797143785025,0.0,0.0,0.9323454912831411,0.0,6.266908372069704,5.216500195014227,6.0,,,BB,AB,0.0,0.0,,100.0,0.0,N,N,SYNTH00007,SYNTH00007,SYNTHETIC_ANIMAL_007,SYNTH00007,SYNTH00007,SYNTH00007,SYNTHETIC_ANIMAL_007
SYN0008,SYNTHETIC_ANIMAL_008,SYN0008,SYN0008,SYNTHETIC_ANIMAL_008,,1.0,SYN0008,SYN0008,2026-05-13 13:35:07.727416450,,2023-07-08 03:51:07.762780467,Y,,,2015-03-10 12:57:01.060996472,2026-11-28 10:01:48.977301243,,Cow,0.0,P,4.0,11.763977427612785,4.42825092090581,11.789761401895818,SYNTH00008,SYNTHM00000006,SYNTH_SIRE_02,SYN0008,SYNTH00008,SYNTH00008,SYNTHETIC_ANIMAL_008,SYNTH00008,SYNTH00008,SYNTHETIC_ANIMAL_008,GPA,2025-12-11 06:11:28.991906474,98.0,,2868.0,3488.0,964.0,452.0,3311.0,3353.0,576.0,494.0,570.0,471.0,488.0,375.0,1056.0,76.0,0.47590590331889937,49.0,0.15121134042806153,101.0,97.0,,103.0,104.0,104.0,100.0,103.0,98.0,99.0,107.0,99.0,99.0,99.0,102.0,96.0,104.0,10.0,2.0,6.0,5.0,3.0,-0.0,4.0,8.0,3.0,-2.0,-1.0,4.0,-0.0,0.0,5.0,7.0,-2.0,-2.0,-4.0,3.0,-2.0,-4.0,-2.0,4.0,-3.0,-1.0,8.0,-2.0,4.0,3.0,-3.0,PP,,1.0,0.0,0.0,2.0,0.0,1.0,0.0,0.4701795062601055,3.448415376263374,0.8897407379635479,37.88584512044642,0.28636339805415867,28.453504267866162,22.0,A1/A2,BE,AA,AA,,0.0,0.0,100.0,0.0,,Y,SYNTH00008,SYNTH00008,SYNTHETIC_ANIMAL_008,SYNTH00008,SYNTH00008,SYNTH00008,SYNTHETIC_ANIMAL_008
SYN0009,SYNTHETIC_ANIMAL_009,SYN0009,SYN0009,SYNTHETIC_ANIMAL_009,,11.0,SYN0009,SYN0009,2026-06-05 22:24:49.053575195,,2025-01-28 13:10:11.041634195,N,,,2015-11-28 05:25:03.752642269,2026-10-05 01:54:00.252130594,,Cow,4.0,NP,1.0,9.760412209245624,14.572745319750801,,SYNTH00009,SYNTHM00000006,SYNTH_SIRE_02,SYN0009,SYNTH00009,SYNTH00009,SYNTHETIC_ANIMAL_009,SYNTH00009,SYNTH00009,SYNTHETIC_ANIMAL_009,GPA,2026-04-07 08:14:45.867737314,102.0,101.0,3588.0,2680.0,1503.0,916.0,2974.0,3219.0,564.0,620.0,615.0,392.0,506.0,506.0,665.0,34.0,0.4307875884836604,46.0,0.14098194586716087,101.0,96.0,100.0,103.0,99.0,100.0,98.0,96.0,94.0,101.0,99.0,97.0,100.0,102.0,99.0,103.0,103.0,6.0,2.0,2.0,5.0,4.0,-4.0,11.0,2.0,2.0,6.0,-1.0,1.0,1.0,6.0,10.0,12.0,6.0,8.0,6.0,1.0,8.0,7.0,3.0,7.0,1.0,4.0,-0.0,-3.0,4.0,5.0,-7.0,,,1.0,4.0,0.0,3.0,1.0,1.0,0.0,0.0821516106884621,4.846116970680811,0.835370059737322,43.13764796024657,6.733601962124348,0.0,14.0,A2/A2,AB,BB,AA,0.0,0.0,0.0,100.0,0.0,Y,Y,SYNTH00009,SYNTH00009,SYNTHETIC_ANIMAL_009,SYNTH00009,SYNTH00009,SYNTH00009,SYNTHETIC_ANIMAL_009
SYN0010,SYNTHETIC_ANIMAL_010,SYN0010,SYN0010,SYNTHETIC_ANIMAL_010,,23.0,SYN0010,SYN0010,2023-05-30 16:52:47.081222411,Completed,,N,Ivf,Beef,2020-09-01 18:49:16.669784192,,2026-06-14 17:08:10.559708706,Cow,1.0,P,5.0,7.252706014835144,11.949749496590025,12.043814355871657,SYNTH00010,SYNTHM00000004,SYNTH_SIRE_05,SYN0010,SYNTH00010,SYNTH00010,SYNTHETIC_ANIMAL_010,SYNTH00010,SYNTH00010,SYNTHETIC_ANIMAL_010,EBV,2026-04-28 03:56:11.577436230,99.0,,3880.0,3034.0,354.0,-235.0,3178.0,3238.0,593.0,533.0,539.0,515.0,602.0,358.0,449.0,21.0,0.3938520256779309,12.0,-0.19899273797271722,100.0,104.0,99.0,100.0,104.0,103.0,101.0,94.0,97.0,104.0,89.0,98.0,99.0,102.0,95.0,96.0,105.0,5.0,4.0,7.0,6.0,4.0,3.0,3.0,4.0,0.0,6.0,-2.0,-0.0,-1.0,-1.0,4.0,5.0,3.0,4.0,-2.0,-4.0,-3.0,-1.0,7.0,-3.0,2.0,2.0,2.0,4.0,10.0,3.0,3.0,,,0.0,9.0,0.0,4.0,1.0,1.0,7.313871487180596,22.09747844375083,3.1860439273035204,0.8516640879042876,6.503262192898502,3.5137388869414368,3.026609949039932,5.0,,BB,NR,AB,0.0,0.0,,,0.0,N,,SYNTH00010,SYNTH00010,SYNTHETIC_ANIMAL_010,SYNTH00010,SYNTH00010,SYNTH00010,SYNTHETIC_ANIMAL_010
SYN0011,SYNTHETIC_ANIMAL_011,SYN0011,SYN0011,SYNTHETIC_ANIMAL_011,,1.0,SYN0011,SYN0011,2025-05-04 21:52:28.335712131,,2022-05-06 10:53:43.833247831,Y,,,2014-10-30 19:54:31.251793247,,,Heifer,2.0,P,1.0,7.658495802343948,8.821198564531576,10.99244860882597,SYNTH00011,SYNTHM00000007,SYNTH_SIRE_01,SYN0011,SYNTH00011,SYNTH00011,SYNTHETIC_ANIMAL_011,SYNTH00011,SYNTH00011,SYNTHETIC_ANIMAL_011,EBV,2026-04-06 23:31:41.629429303,113.0,,3529.0,3130.0,-49.0,747.0,3463.0,3408.0,444.0,408.0,524.0,354.0,472.0,504.0,1207.0,1.0,0.19036101264147828,11.0,-0.015615556353613114,102.0,97.0,110.0,104.0,98.0,106.0,98.0,99.0,104.0,100.0,101.0,96.0,102.0,98.0,97.0,95.0,90.0,5.0,6.0,7.0,2.0,4.0,2.0,-0.0,1.0,1.0,9.0,-6.0,2.0,2.0,5.0,5.0,3.0,9.0,-1.0,,7.0,2.0,-0.0,-6.0,4.0,-0.0,4.0,8.0,1.0,-2.0,8.0,3.0,,,1.0,2.0,0.0,1.0,1.0,1.0,3.493539533411843,4.716540024972673,0.0,1.0,0.0,2.787628928677261,0.0,11.0,A1/A2,AE,BB,,0.0,0.0,0.0,100.0,0.0,N,Y,SYNTH00011,SYNTH00011,SYNTHETIC_ANIMAL_011,SYNTH00011,SYNTH00011,SYNTH00011,SYNTHETIC_ANIMAL_011
SYN0012,SYNTHETIC_ANIMAL_012,SYN0012,SYN0012,SYNTHETIC_ANIMAL_012,,15.0,SYN0012,SYN0012,2025-05-30 14:26:06.772456201,,2024-10-15 13:00:03.394715947,Y,Conventional,,2014-08-24 12:57:08.507874653,,2025-04-08 11:57:39.692458693,Cow,5.0,P,3.0,4.038814716700802,12.783662239975556,,SYNTH00012,SYNTHM00000004,SYNTH_SIRE_05,SYN0012,SYNTH00012,SYNTH00012,SYNTHETIC_ANIMAL_012,SYNTH00012,SYNTH00012,SYNTHETIC_ANIMAL_012,SMX PA,2026-02-16 16:56:22.793365467,102.0,,3650.0,3694.0,890.0,1390.0,3272.0,3044.0,599.0,392.0,625.0,453.0,560.0,432.0,474.0,51.0,0.2920414046719989,13.0,0.26208000640988827,100.0,96.0,103.0,103.0,105.0,108.0,,100.0,101.0,97.0,94.0,103.0,97.0,102.0,98.0,102.0,100.0,10.0,6.0,2.0,-1.0,6.0,4.0,4.0,4.0,6.0,1.0,4.0,-2.0,10.0,11.0,12.0,6.0,7.0,2.0,3.0,1.0,6.0,-3.0,10.0,6.0,3.0,1.0,4.0,2.0,0.0,0.0,3.0,HH,ED/E+,1.0,7.0,0.0,3.0,1.0,1.0,8.584302463948664,0.0,0.0,0.8167345869407072,0.0,0.0,3.8617668619924306,0.0,A1/A1,AB,NR,AA,0.0,,,,,,N,SYNTH00012,SYNTH00012,SYNTHETIC_ANIMAL_012,SYNTH00012,SYNTH00012,SYNTH00012,SYNTHETIC_ANIMAL_012
SYN0013,SYNTHETIC_ANIMAL_013,SYN0013,SYN0013,SYNTHETIC_ANIMAL_013,,5.0,SYN0013,SYN0013,2023-08-30 22:17:09.114604002,,,Y,,Conventional,2013-12-28 08:56:44.374324161,,2025-11-21 00:14:14.558724678,Cow,4.0,NP,1.0,9.358323875097966,10.31328999584154,,SYNTH00013,SYNTHM00000008,SYNTH_SIRE_19,SYN0013,SYNTH00013,SYNTH00013,SYNTHETIC_ANIMAL_013,SYNTH00013,SYNTH00013,SYNTHETIC_ANIMAL_013,PA,2026-05-01 02:23:07.072487279,110.0,102.0,3268.0,3437.0,1706.0,1697.0,2840.0,3246.0,710.0,646.0,553.0,541.0,579.0,604.0,249.0,72.0,0.5344496749334577,41.0,0.10506505499433268,97.0,102.0,103.0,102.0,106.0,104.0,95.0,98.0,101.0,91.0,95.0,98.0,96.0,99.0,100.0,103.0,102.0,11.0,4.0,3.0,10.0,13.0,-1.0,1.0,3.0,,4.0,-2.0,4.0,0.0,9.0,11.0,1.0,9.0,4.0,2.0,-0.0,2.0,-2.0,1.0,1.0,1.0,-1.0,-2.0,4.0,15.0,4.0,-0.0,,,1.0,2.0,0.0,4.0,1.0,1.0,0.0,6.731106083746882,4.752869839312526,1.0,20.871783222269432,2.4895896367702175,5.103541748300096,0.0,,AE,BB,AA,0.0,0.0,,100.0,0.0,N,Y,SYNTH00013,SYNTH00013,SYNTHETIC_ANIMAL_013,SYNTH00013,SYNTH00013,SYNTH00013,SYNTHETIC_ANIMAL_013
SYN0014,SYNTHETIC_ANIMAL_014,SYN0014,SYN0014,SYNTHETIC_ANIMAL_014,,7.0,SYN0014,SYN0014,,,,Y,Ivf,Beef,2019-06-13 17:05:51.484550758,2027-01-03 02:03:14.647289305,2026-04-28 03:04:29.182062807,Cow,1.0,P,,3.5148241195710135,10.50546641803369,,SYNTH00014,SYNTHM00000009,SYNTH_SIRE_04,SYN0014,SYNTH00014,SYNTH00014,SYNTHETIC_ANIMAL_014,SYNTH00014,SYNTH00014,SYNTHETIC_ANIMAL_014,PA,2026-04-08 08:08:15.526267094,,109.0,2769.0,3089.0,2383.0,590.0,2868.0,3153.0,555.0,507.0,566.0,508.0,488.0,506.0,-37.0,52.0,0.026402983870842306,6.0,-0.10370691472453421,96.0,95.0,100.0,102.0,104.0,102.0,99.0,105.0,97.0,99.0,101.0,103.0,97.0,90.0,98.0,104.0,92.0,3.0,-0.0,-4.0,13.0,5.0,8.0,-2.0,2.0,-0.0,-1.0,-2.0,7.0,-1.0,-2.0,4.0,3.0,1.0,1.0,0.0,3.0,-1.0,3.0,3.0,2.0,4.0,2.0,6.0,-5.0,3.0,5.0,7.0,,,1.0,10.0,0.0,2.0,1.0,1.0,0.0,8.112351987621256,13.135352354030061,1.0,0.0,7.642747513692672,17.041945344833614,12.0,A1/A1,AE,AA,AB,,0.0,,100.0,,Y,N,SYNTH00014,SYNTH00014,SYNTHETIC_ANIMAL_014,SYNTH00014,SYNTH00014,SYNTH00014,SYNTHETIC_ANIMAL_014
SYN0015,SYNTHETIC_ANIMAL_015,SYN0015,SYN0015,SYNTHETIC_ANIMAL_015,,1.0,SYN0015,SYN0015,2022-05-04 06:56:47.490919699,Completed,2023-05-05 14:53:53.360730398,N,,,2023-09-08 03:06:40.293848979,2026-06-28 10:02:36.341441636,,Cow,0.0,P,4.0,10.346586007766525,14.452058841194063,12.188957473528317,SYNTH00015,SYNTHM00000003,SYNTH_SIRE_12,SYN0015,SYNTH00015,SYNTH00015,SYNTHETIC_ANIMAL_015,SYNTH00015,SYNTH00015,SYNTHETIC_ANIMAL_015,PA,2026-01-12 21:18:27.218830141,103.0,110.0,2717.0,3578.0,1719.0,1861.0,2849.0,2818.0,544.0,463.0,563.0,529.0,478.0,589.0,790.0,117.0,0.033411581657692535,33.0,0.42272575235281634,97.0,96.0,99.0,103.0,96.0,101.0,103.0,96.0,95.0,99.0,99.0,99.0,99.0,98.0,96.0,103.0,96.0,3.0,7.0,0.0,6.0,6.0,-0.0,5.0,2.0,-1.0,2.0,-4.0,2.0,5.0,2.0,3.0,0.0,3.0,-0.0,3.0,-1.0,-2.0,-3.0,4.0,4.0,4.0,-3.0,2.0,6.0,-4.0,2.0,0.0,,,1.0,0.0,0.0,1.0,1.0,1.0,11.914612239045285,0.8444574334619628,2.8270530962896188,0.6411434653016821,9.169733507987761,0.9516071259980519,3.7216488588046284,17.0,,AE,BB,AB,0.0,0.0,0.0,100.0,,,Y,SYNTH00015,SYNTH00015,SYNTHETIC_ANIMAL_015,SYNTH00015,SYNTH00015,SYNTH00015,SYNTHETIC_ANIMAL_015
SYN0016,SYNTHETIC_ANIMAL_016,SYN0016,SYN0016,SYNTHETIC_ANIMAL_016,,5.0,SYN0016,SYN0016,,Lab waiting for sample to arrive,2024-11-07 19:46:16.378588920,N,Sexed,,2014-06-03 08:24:53.065180917,,,Cow,1.0,P,2.0,8.651506491007888,7.688405856296049,11.760897144874882,SYNTH00016,SYNTHM00000008,SYNTH_SIRE_19,SYN0016,SYNTH00016,SYNTH00016,SYNTHETIC_ANIMAL_016,SYNTH00016,SYNTH00016,SYNTHETIC_ANIMAL_016,SMX PA,2026-04-01 10:52:15.323431521,96.0,104.0,3316.0,3040.0,68.0,12.0,3383.0,2993.0,573.0,493.0,674.0,481.0,470.0,408.0,1076.0,90.0,0.2732344258987801,41.0,0.08997366185143434,101.0,98.0,92.0,102.0,99.0,103.0,98.0,101.0,96.0,100.0,96.0,97.0,98.0,104.0,95.0,103.0,95.0,8.0,4.0,2.0,-1.0,-2.0,-2.0,7.0,3.0,-1.0,1.0,-0.0,1.0,2.0,5.0,11.0,4.0,-0.0,-1.0,1.0,2.0,2.0,4.0,5.0,3.0,2.0,4.0,9.0,0.0,1.0,7.0,3.0,,,1.0,1.0,0.0,0.0,0.0,1.0,0.0,0.0,0.0,1.0,4.562264694487368,4.092514817344372,18.775010863957057,0.0,,BB,NR,AA,0.0,0.0,0.0,100.0,0.0,N,N,SYNTH00016,SYNTH00016,SYNTHETIC_ANIMAL_016,SYNTH00016,SYNTH00016,SYNTH00016,SYNTHETIC_ANIMAL_016
SYN0017,SYNTHETIC_ANIMAL_017,SYN0017,SYN0017,SYNTHETIC_ANIMAL_017,,19.0,SYN0017,SYN0017,,Completed,2024-08-11 07:52:57.540402721,Y,Conventional,,2022-02-25 10:13:51.626624690,2026-08-12 14:14:50.141914621,,Cow,2.0,P,,14.79432360357912,15.985958526470483,,SYNTH00017,SYNTHM00000004,SYNTH_SIRE_05,SYN0017,SYNTH00017,SYNTH00017,SYNTHETIC_ANIMAL_017,SYNTH00017,SYNTH00017,SYNTHETIC_ANIMAL_017,EBV,2026-06-10 21:38:09.166937537,100.0,105.0,3074.0,3500.0,975.0,205.0,3832.0,3647.0,708.0,398.0,610.0,572.0,475.0,482.0,385.0,32.0,0.3424854132566766,24.0,0.14763907988539687,100.0,98.0,105.0,102.0,105.0,101.0,110.0,100.0,100.0,107.0,96.0,99.0,101.0,94.0,94.0,97.0,99.0,13.0,9.0,5.0,1.0,2.0,-2.0,2.0,1.0,-4.0,5.0,,4.0,6.0,3.0,8.0,0.0,2.0,4.0,-0.0,-5.0,-0.0,-1.0,3.0,4.0,-3.0,-2.0,1.0,4.0,-7.0,4.0,4.0,HP,,1.0,5.0,0.0,3.0,1.0,1.0,11.084372288849668,21.24836586087155,3.389054199551299,0.637507496253469,0.0,1.491244844214524,1.1661374407263394,0.0,,,NR,AB,0.0,0.0,0.0,,,Y,N,SYNTH00017,SYNTH00017,SYNTHETIC_ANIMAL_017,SYNTH00017,SYNTH00017,SYNTH00017,SYNTHETIC_ANIMAL_017
SYN0018,SYNTHETIC_ANIMAL_018,SYN0018,SYN0018,SYNTHETIC_ANIMAL_018,,13.0,SYN0018,SYN0018,,Sample processing at lab,2023-12-11 23:25:11.227055351,N,,Sexed,2024-04-16 23:37:27.828045468,2027-03-11 09:41:50.161496928,2025-09-19 08:12:54.556594241,Cow,1.0,P,3.0,5.3092005690064035,7.482145019228939,11.186332795549607,SYNTH00018,SYNTHM00000010,SYNTH_SIRE_13,SYN0018,SYNTH00018,SYNTH00018,SYNTHETIC_ANIMAL_018,SYNTH00018,SYNTH00018,SYNTHETIC_ANIMAL_018,PA,2026-04-24 08:53:01.490287728,,108.0,2982.0,2878.0,1333.0,1614.0,3632.0,3336.0,469.0,627.0,614.0,554.0,553.0,388.0,1114.0,32.0,-0.024541929525920464,46.0,0.1497586907445618,101.0,99.0,103.0,99.0,103.0,102.0,104.0,92.0,103.0,104.0,99.0,92.0,103.0,100.0,98.0,100.0,106.0,11.0,2.0,1.0,6.0,8.0,-5.0,1.0,1.0,-2.0,7.0,7.0,-6.0,2.0,-1.0,6.0,0.0,9.0,1.0,3.0,5.0,3.0,-3.0,6.0,4.0,8.0,5.0,8.0,4.0,5.0,7.0,8.0,,,0.0,0.0,0.0,1.0,1.0,1.0,11.609029450186659,0.0,0.0,1.0,0.0,1.9110626018875756,0.0,24.0,A2/A2,BB,AA,AA,,0.0,0.0,100.0,0.0,N,,SYNTH00018,SYNTH00018,SYNTHETIC_ANIMAL_018,SYNTH00018,SYNTH00018,SYNTH00018,SYNTHETIC_ANIMAL_018
SYN0019,SYNTHETIC_ANIMAL_019,SYN0019,SYN0019,SYNTHETIC_ANIMAL_019,,23.0,SYN0019,SYN0019,2024-03-05 11:13:41.388104128,Sample processing at lab,,Y,Ivf,Beef,2016-02-02 10:27:40.152543784,2026-12-24 16:53:32.280370782,,Cow,1.0,P,,8.022398593233461,,11.466793689520987,SYNTH00019,SYNTHM00000011,SYNTH_SIRE_09,SYN0019,SYNTH00019,SYNTH00019,SYNTHETIC_ANIMAL_019,SYNTH00019,SYNTH00019,SYNTHETIC_ANIMAL_019,GPA,2026-03-12 06:22:55.758781074,110.0,105.0,3225.0,3517.0,1275.0,2306.0,2703.0,2887.0,565.0,483.0,681.0,518.0,509.0,439.0,-645.0,58.0,0.19736607294258446,20.0,0.0427204371238388,102.0,105.0,100.0,108.0,93.0,98.0,105.0,93.0,103.0,102.0,97.0,100.0,96.0,106.0,94.0,95.0,108.0,1.0,-1.0,3.0,9.0,5.0,7.0,-1.0,8.0,6.0,7.0,-5.0,4.0,-0.0,5.0,3.0,4.0,10.0,0.0,1.0,1.0,-3.0,-0.0,4.0,-2.0,1.0,1.0,10.0,7.0,7.0,4.0,1.0,PP,e/e,1.0,8.0,0.0,0.0,1.0,1.0,8.11038895643157,9.359529402048056,11.863826065339037,0.8368263392641924,10.1944398530032,10.489455029651626,0.0,3.0,A1/A1,AA,BB,AB,0.0,0.0,0.0,100.0,0.0,N,,SYNTH00019,SYNTH00019,SYNTHETIC_ANIMAL_019,SYNTH00019,SYNTH00019,SYNTH00019,SYNTHETIC_ANIMAL_019
SYN0020,SYNTHETIC_ANIMAL_020,SYN0020,SYN0020,SYNTHETIC_ANIMAL_020,,18.0,SYN0020,SYN0020,2026-05-26 09:21:57.475605959,,2025-05-04 15:37:21.886254302,Y,,,2015-10-28 18:06:48.073516130,2026-07-31 03:15:28.691873863,,Heifer,4.0,P,,13.19311582297732,19.031438088540995,,SYNTH00020,SYNTHM00000004,SYNTH_SIRE_05,SYN0020,SYNTH00020,SYNTH00020,SYNTHETIC_ANIMAL_020,SYNTH00020,SYNTH00020,SYNTHETIC_ANIMAL_020,GEBV,2026-02-07 01:40:55.493830449,103.0,98.0,3419.0,3128.0,1541.0,1458.0,3649.0,2830.0,486.0,622.0,617.0,554.0,509.0,453.0,383.0,15.0,0.19166953105720924,22.0,-0.007508247286421396,98.0,99.0,101.0,98.0,107.0,106.0,104.0,99.0,102.0,96.0,94.0,99.0,97.0,97.0,96.0,93.0,95.0,5.0,4.0,-0.0,-0.0,-7.0,6.0,2.0,12.0,0.0,0.0,-1.0,14.0,-6.0,4.0,6.0,2.0,0.0,-3.0,-2.0,6.0,5.0,3.0,9.0,6.0,1.0,6.0,0.0,1.0,0.0,5.0,-0.0,,,1.0,0.0,0.0,6.0,0.0,1.0,0.0,4.367702110084165,3.0941154412165637,0.950208395386124,0.0,7.690378725409642,0.0,20.0,A1/A2,BE,NR,AB,0.0,0.0,0.0,100.0,0.0,Y,N,SYNTH00020,SYNTH00020,SYNTHETIC_ANIMAL_020,SYNTH00020,SYNTH00020,SYNTH00020,SYNTHETIC_ANIMAL_020
SYN0021,SYNTHETIC_ANIMAL_021,SYN0021,SYN0021,SYNTHETIC_ANIMAL_021,,12.0,SYN0021,SYN0021,2023-12-11 22:43:11.835699456,Completed,2024-09-01 01:04:09.448502635,Y,,Sexed,2024-10-06 07:17:15.648604735,2027-03-10 02:11:51.147182245,,Heifer,1.0,P,2.0,11.542310382416726,16.26433904590871,12.779079083307682,SYNTH00021,SYNTHM00000008,SYNTH_SIRE_19,SYN0021,SYNTH00021,SYNTH00021,SYNTHETIC_ANIMAL_021,SYNTH00021,SYNTH00021,SYNTHETIC_ANIMAL_021,EBV,2025-12-16 23:32:25.637484791,109.0,,2829.0,2965.0,472.0,1074.0,3510.0,3206.0,506.0,519.0,606.0,541.0,414.0,411.0,391.0,81.0,-0.43651905180463735,6.0,0.3900547325526964,106.0,90.0,104.0,103.0,103.0,98.0,107.0,108.0,98.0,97.0,97.0,103.0,94.0,100.0,98.0,104.0,101.0,2.0,9.0,5.0,4.0,6.0,,1.0,-3.0,4.0,7.0,-3.0,2.0,-5.0,10.0,4.0,-4.0,3.0,2.0,3.0,0.0,3.0,0.0,4.0,7.0,0.0,-2.0,3.0,-6.0,2.0,1.0,-3.0,,,1.0,12.0,0.0,0.0,1.0,1.0,0.0,8.709856828506535,0.0,0.6637293542924747,13.109341981187722,1.6685409222476864,6.132735767794312,4.0,A2/A2,,BB,,0.0,0.0,0.0,100.0,0.0,,N,SYNTH00021,SYNTH00021,SYNTHETIC_ANIMAL_021,SYNTH00021,SYNTH00021,SYNTH00021,SYNTHETIC_ANIMAL_021
SYN0022,SYNTHETIC_ANIMAL_022,SYN0022,SYN0022,SYNTHETIC_ANIMAL_022,,23.0,SYN0022,SYN0022,2025-08-07 18:29:43.914844274,Lab waiting for sample to arrive,2025-06-24 03:25:23.874422476,Y,Ivf,,2024-04-16 23:19:37.854773776,,2025-08-18 17:07:27.939303997,Heifer,5.0,P,,6.407900924410871,12.682824399912178,,SYNTH00022,SYNTHM00000010,SYNTH_SIRE_13,SYN0022,SYNTH00022,SYNTH00022,SYNTHETIC_ANIMAL_022,SYNTH00022,SYNTH00022,SYNTHETIC_ANIMAL_022,SMX PA,2026-01-21 01:30:08.323753998,,106.0,3115.0,3178.0,1193.0,-477.0,2803.0,3646.0,545.0,627.0,670.0,453.0,425.0,366.0,22.0,54.0,0.1544762184093076,47.0,0.2339918660281764,99.0,99.0,94.0,101.0,99.0,100.0,98.0,102.0,100.0,99.0,100.0,94.0,106.0,95.0,95.0,98.0,102.0,5.0,5.0,6.0,5.0,11.0,-2.0,-1.0,-3.0,-8.0,3.0,3.0,2.0,-6.0,3.0,2.0,-3.0,4.0,1.0,1.0,0.0,3.0,2.0,10.0,3.0,-0.0,-1.0,5.0,2.0,7.0,1.0,7.0,,,1.0,13.0,0.0,7.0,0.0,1.0,0.0,20.69365907794664,0.3328312156082025,0.9752826656500453,0.0,2.393152738522079,28.58028724387707,5.0,A1/A1,,BB,AA,0.0,,0.0,,0.0,Y,N,SYNTH00022,SYNTH00022,SYNTHETIC_ANIMAL_022,SYNTH00022,SYNTH00022,SYNTH00022,SYNTHETIC_ANIMAL_022
SYN0023,SYNTHETIC_ANIMAL_023,SYN0023,SYN0023,SYNTHETIC_ANIMAL_023,,12.0,SYN0023,SYN0023,2022-07-12 17:36:19.743092021,,,Y,Beef,,2020-09-25 02:52:16.800302582,,,Heifer,1.0,P,1.0,8.910853875386225,9.072151815972274,10.819745241323815,SYNTH00023,SYNTHM00000012,SYNTH_SIRE_08,SYN0023,SYNTH00023,SYNTH00023,SYNTHETIC_ANIMAL_023,SYNTH00023,SYNTH00023,SYNTHETIC_ANIMAL_023,GEBV,2025-11-30 11:20:04.338142063,,111.0,3674.0,3308.0,1453.0,-353.0,3157.0,3186.0,654.0,535.0,687.0,387.0,643.0,348.0,1692.0,51.0,0.17291845408942377,11.0,0.20869898343724938,98.0,98.0,99.0,108.0,106.0,102.0,91.0,92.0,99.0,96.0,98.0,104.0,100.0,106.0,100.0,104.0,101.0,13.0,4.0,6.0,7.0,-3.0,8.0,9.0,-2.0,3.0,2.0,1.0,5.0,2.0,8.0,5.0,-2.0,7.0,1.0,3.0,-4.0,8.0,4.0,6.0,-4.0,7.0,3.0,0.0,2.0,-3.0,8.0,3.0,,ED/E+,1.0,3.0,0.0,1.0,1.0,0.0,0.0,8.285439538464887,0.0,1.0,7.140699142603565,0.0,8.435965745953693,0.0,A1/A2,BB,,AB,0.0,0.0,0.0,100.0,0.0,,Y,SYNTH00023,SYNTH00023,SYNTHETIC_ANIMAL_023,SYNTH00023,SYNTH00023,SYNTH00023,SYNTHETIC_ANIMAL_023
SYN0024,SYNTHETIC_ANIMAL_024,SYN0024,SYN0024,SYNTHETIC_ANIMAL_024,,,SYN0024,SYN0024,2024-07-26 16:46:24.394992029,Sample processing at lab,,N,,Beef,2024-03-30 00:29:09.417753563,2027-03-24 01:58:44.599933671,2025-08-14 14:44:04.935117417,Heifer,4.0,NP,3.0,8.307085096757675,10.502523385273435,10.168708970927906,SYNTH00024,SYNTHM00000002,SYNTH_SIRE_16,SYN0024,SYNTH00024,SYNTH00024,SYNTHETIC_ANIMAL_024,SYNTH00024,SYNTH00024,SYNTHETIC_ANIMAL_024,EBV,2026-07-04 01:03:49.919588681,102.0,113.0,2937.0,3105.0,1751.0,1196.0,3556.0,3579.0,690.0,582.0,617.0,517.0,480.0,264.0,377.0,65.0,0.17203741578379225,33.0,0.17442308616658025,102.0,98.0,96.0,99.0,100.0,108.0,99.0,87.0,99.0,101.0,92.0,103.0,101.0,100.0,102.0,105.0,101.0,0.0,1.0,5.0,3.0,9.0,0.0,4.0,1.0,0.0,1.0,-2.0,9.0,-4.0,-1.0,6.0,-1.0,-2.0,3.0,,4.0,1.0,5.0,-4.0,2.0,6.0,6.0,5.0,-2.0,-2.0,6.0,3.0,,,1.0,4.0,0.0,2.0,0.0,1.0,0.0,0.0,11.885132650480157,0.7708998886866633,30.263529070916768,0.3144217091560769,11.320611830146532,12.0,A1/A2,BE,,AA,0.0,0.0,0.0,100.0,,,Y,SYNTH00024,SYNTH00024,SYNTHETIC_ANIMAL_024,SYNTH00024,SYNTH00024,SYNTH00024,SYNTHETIC_ANIMAL_024
SYN0025,SYNTHETIC_ANIMAL_025,SYN0025,SYN0025,SYNTHETIC_ANIMAL_025,,5.0,SYN0025,SYN0025,2025-08-21 00:45:08.490822410,Completed,2024-06-12 02:05:04.529167055,N,,,2015-02-23 06:23:28.159264829,2026-06-26 09:09:11.913233939,2025-02-28 22:45:32.198156802,Heifer,2.0,P,3.0,9.068586510954992,12.598208278359136,,SYNTH00025,SYNTHM00000013,SYNTH_SIRE_18,SYN0025,SYNTH00025,SYNTH00025,SYNTHETIC_ANIMAL_025,SYNTH00025,SYNTH00025,SYNTHETIC_ANIMAL_025,PA,2026-01-16 04:02:45.115047013,,109.0,3491.0,3381.0,554.0,845.0,3400.0,3328.0,584.0,571.0,636.0,526.0,438.0,381.0,194.0,99.0,0.6388097193357746,25.0,-0.045983474708016545,93.0,99.0,109.0,99.0,100.0,100.0,103.0,103.0,106.0,100.0,103.0,104.0,95.0,100.0,97.0,98.0,100.0,-1.0,11.0,-1.0,-2.0,-6.0,0.0,5.0,5.0,-1.0,1.0,0.0,6.0,6.0,-0.0,3.0,4.0,-1.0,,-3.0,-3.0,-0.0,0.0,12.0,3.0,3.0,8.0,3.0,2.0,3.0,-1.0,12.0,,ED/ED,1.0,8.0,0.0,0.0,1.0,1.0,6.473930138432898,14.183399862627109,0.05587717843626816,0.8148396732014698,1.7020596775636059,2.902572862036905,0.0,16.0,A1/A1,,NR,AB,0.0,0.0,0.0,,,,N,SYNTH00025,SYNTH00025,SYNTHETIC_ANIMAL_025,SYNTH00025,SYNTH00025,SYNTH00025,SYNTHETIC_ANIMAL_025
SYN0026,SYNTHETIC_ANIMAL_026,SYN0026,SYN0026,SYNTHETIC_ANIMAL_026,,9.0,SYN0026,SYN0026,2026-03-03 03:46:37.661697638,Lab waiting for sample to arrive,2022-04-27 15:42:14.425018348,Y,Ivf,,2018-12-04 08:36:11.207680974,2026-08-13 11:45:43.504727676,2026-03-12 16:13:31.673733961,Heifer,3.0,NP,,6.401186745095794,12.473861096472257,10.99157312663901,SYNTH00026,SYNTHM00000001,SYNTH_SIRE_15,SYN0026,SYNTH00026,SYNTH00026,SYNTHETIC_ANIMAL_026,SYNTH00026,SYNTH00026,SYNTHETIC_ANIMAL_026,SMX PA,2026-05-27 02:06:07.200011581,100.0,106.0,3105.0,3082.0,892.0,307.0,2870.0,3359.0,520.0,564.0,563.0,566.0,593.0,534.0,426.0,48.0,-0.1405361220391996,5.0,0.27226904281967085,97.0,98.0,105.0,98.0,104.0,99.0,101.0,99.0,95.0,95.0,86.0,100.0,99.0,105.0,98.0,103.0,107.0,3.0,1.0,2.0,6.0,7.0,6.0,6.0,4.0,2.0,9.0,-1.0,-6.0,1.0,6.0,8.0,3.0,6.0,5.0,7.0,-1.0,0.0,-2.0,0.0,-3.0,1.0,2.0,3.0,0.0,1.0,4.0,3.0,,,1.0,0.0,0.0,0.0,1.0,1.0,6.508997629385576,0.0,2.8501057666666547,1.0,21.7224720991608,5.806464556151296,0.0,0.0,,,AB,AB,,0.0,,100.0,0.0,Y,Y,SYNTH00026,SYNTH00026,SYNTHETIC_ANIMAL_026,SYNTH00026,SYNTH00026,SYNTH00026,SYNTHETIC_ANIMAL_026
SYN0027,SYNTHETIC_ANIMAL_027,SYN0027,SYN0027,SYNTHETIC_ANIMAL_027,,,SYN0027,SYN0027,2025-09-22 12:24:33.090779233,Completed,2025-08-21 07:03:56.713835041,N,Sexed,,2023-03-23 16:27:52.268879504,2026-12-06 00:04:48.530450718,2026-04-05 14:35:56.256879719,Heifer,0.0,NP,,8.05868892455343,,11.648269199853305,SYNTH00027,SYNTHM00000005,SYNTH_SIRE_17,SYN0027,SYNTH00027,SYNTH00027,SYNTHETIC_ANIMAL_027,SYNTH00027,SYNTH00027,SYNTHETIC_ANIMAL_027,SMX PA,2026-01-04 06:29:32.831136984,99.0,108.0,3399.0,3398.0,-838.0,1150.0,3417.0,2884.0,744.0,542.0,556.0,417.0,513.0,332.0,-663.0,39.0,-0.024694757203561457,14.0,-0.02363248784685819,104.0,98.0,92.0,103.0,109.0,100.0,102.0,104.0,99.0,104.0,96.0,103.0,101.0,102.0,101.0,98.0,104.0,7.0,2.0,3.0,8.0,4.0,4.0,,2.0,,4.0,5.0,4.0,0.0,7.0,10.0,6.0,-3.0,4.0,6.0,1.0,2.0,2.0,8.0,1.0,4.0,9.0,4.0,-3.0,2.0,-6.0,-3.0,,,1.0,0.0,0.0,1.0,1.0,1.0,0.0,3.97231297472175,6.119055379113405,1.0,0.0,5.262442380607156,15.081112857010257,0.0,,,AB,AA,,0.0,0.0,100.0,0.0,Y,N,SYNTH00027,SYNTH00027,SYNTHETIC_ANIMAL_027,SYNTH00027,SYNTH00027,SYNTH00027,SYNTHETIC_ANIMAL_027
SYN0028,SYNTHETIC_ANIMAL_028,SYN0028,SYN0028,SYNTHETIC_ANIMAL_028,,17.0,SYN0028,SYN0028,2022-04-27 23:53:38.320172485,Sample processing at lab,,N,Beef,Beef,2017-03-17 14:02:46.632290671,2026-08-07 09:43:40.638216513,2025-06-01 09:49:15.221918388,Cow,0.0,P,,3.954831769228285,,12.584353240747562,SYNTH00028,SYNTHM00000014,SYNTH_SIRE_06,SYN0028,SYNTH00028,SYNTH00028,SYNTHETIC_ANIMAL_028,SYNTH00028,SYNTH00028,SYNTHETIC_ANIMAL_028,GPA,2026-01-29 16:13:13.791028672,96.0,101.0,3556.0,3351.0,689.0,1186.0,2634.0,3482.0,516.0,496.0,695.0,419.0,533.0,352.0,4.0,92.0,-0.5540602262720177,54.0,0.13353971012416158,94.0,100.0,,97.0,109.0,107.0,105.0,95.0,104.0,100.0,96.0,96.0,98.0,97.0,97.0,93.0,94.0,9.0,6.0,3.0,4.0,-4.0,9.0,1.0,4.0,-6.0,4.0,2.0,12.0,-2.0,0.0,9.0,5.0,3.0,1.0,4.0,1.0,2.0,3.0,2.0,-4.0,2.0,1.0,4.0,4.0,-1.0,1.0,1.0,,e/e,1.0,8.0,0.0,2.0,1.0,1.0,6.712441124145007,0.0,0.0,0.41304192974674103,0.0,0.0,28.008353534990697,11.0,A1/A1,AC,AB,AB,0.0,,0.0,100.0,0.0,Y,,SYNTH00028,SYNTH00028,SYNTHETIC_ANIMAL_028,SYNTH00028,SYNTH00028,SYNTH00028,SYNTHETIC_ANIMAL_028
SYN0029,SYNTHETIC_ANIMAL_029,SYN0029,SYN0029,SYNTHETIC_ANIMAL_029,,1.0,SYN0029,SYN0029,2023-10-11 09:57:14.527575650,Sample processing at lab,2023-12-30 05:09:07.978185299,N,,Sexed,2023-05-29 03:39:32.079087681,,2025-06-12 05:09:11.501654881,Cow,2.0,P,,8.6691920061368,,11.418266166580768,SYNTH00029,SYNTHM00000014,SYNTH_SIRE_06,SYN0029,SYNTH00029,SYNTH00029,SYNTHETIC_ANIMAL_029,SYNTH00029,SYNTH00029,SYNTHETIC_ANIMAL_029,GEBV,2026-02-28 10:32:34.444274126,113.0,104.0,3455.0,3219.0,760.0,1783.0,3180.0,3147.0,504.0,666.0,668.0,519.0,483.0,639.0,940.0,75.0,0.07708906618236427,30.0,-0.13473630538822629,104.0,96.0,,100.0,104.0,92.0,102.0,101.0,95.0,93.0,99.0,102.0,103.0,98.0,97.0,101.0,103.0,8.0,-2.0,5.0,6.0,6.0,2.0,4.0,-1.0,4.0,2.0,2.0,5.0,3.0,4.0,3.0,6.0,5.0,-0.0,-0.0,-6.0,-1.0,-4.0,6.0,5.0,1.0,6.0,4.0,-0.0,4.0,7.0,-2.0,PP,,1.0,3.0,0.0,4.0,1.0,1.0,5.026867643766371,0.0,3.149712506834062,1.0,5.306494193486895,6.484497787794352,21.43465995781918,1.0,A1/A1,BB,AA,AA,0.0,0.0,0.0,100.0,0.0,Y,N,SYNTH00029,SYNTH00029,SYNTHETIC_ANIMAL_029,SYNTH00029,SYNTH00029,SYNTH00029,SYNTHETIC_ANIMAL_029
SYN0030,SYNTHETIC_ANIMAL_030,SYN0030,SYN0030,SYNTHETIC_ANIMAL_030,,,SYN0030,SYN0030,2022-05-16 13:25:03.367642310,Completed,2022-08-31 20:06:48.661517290,N,Beef,Beef,2020-04-19 02:42:37.712181556,,,Cow,3.0,P,1.0,9.525734612348643,,12.199426130397702,SYNTH00030,SYNTHM00000009,SYNTH_SIRE_04,SYN0030,SYNTH00030,SYNTH00030,SYNTHETIC_ANIMAL_030,SYNTH00030,SYNTH00030,SYNTHETIC_ANIMAL_030,SMX PA,2026-02-07 16:38:51.513385465,,101.0,3503.0,3119.0,397.0,1202.0,3568.0,3462.0,410.0,443.0,668.0,480.0,470.0,419.0,75.0,32.0,0.10234153711534581,6.0,-0.1907542977855577,106.0,95.0,99.0,94.0,104.0,98.0,104.0,103.0,98.0,99.0,101.0,98.0,107.0,102.0,103.0,99.0,103.0,11.0,9.0,10.0,2.0,8.0,,2.0,1.0,2.0,12.0,-8.0,-2.0,-2.0,-1.0,8.0,5.0,6.0,-2.0,0.0,0.0,-5.0,-2.0,-0.0,3.0,3.0,-2.0,1.0,0.0,3.0,3.0,0.0,,,1.0,0.0,0.0,0.0,1.0,1.0,13.048117384724666,2.7569589145568587,3.780482933686798,1.0,40.18853637314176,0.7661851007711722,12.816475881605568,0.0,,AB,AB,AB,0.0,0.0,0.0,100.0,0.0,Y,N,SYNTH00030,SYNTH00030,SYNTHETIC_ANIMAL_030,SYNTH00030,SYNTH00030,SYNTH00030,SYNTHETIC_ANIMAL_030
SYN0031,SYNTHETIC_ANIMAL_031,SYN0031,SYN0031,SYNTHETIC_ANIMAL_031,,6.0,SYN0031,SYN0031,2022-08-20 10:55:39.328220905,Sample processing at lab,2026-01-13 01:46:29.916854647,Y,,,2023-05-19 17:11:56.734818866,,2025-01-07 08:26:08.565711752,Heifer,1.0,P,1.0,7.683049897608918,10.546908620683684,,SYNTH00031,SYNTHM00000010,SYNTH_SIRE_13,SYN0031,SYNTH00031,SYNTH00031,SYNTHETIC_ANIMAL_031,SYNTH00031,SYNTH00031,SYNTHETIC_ANIMAL_031,EBV,2026-05-23 10:27:09.759161892,,,2915.0,3275.0,1267.0,1988.0,3248.0,3021.0,658.0,515.0,653.0,347.0,481.0,506.0,-33.0,43.0,0.06848319182771836,32.0,0.13842396453242928,99.0,108.0,95.0,103.0,105.0,111.0,97.0,97.0,98.0,100.0,103.0,95.0,96.0,98.0,102.0,99.0,101.0,-1.0,7.0,8.0,1.0,5.0,-1.0,4.0,2.0,-0.0,8.0,-0.0,3.0,-3.0,3.0,5.0,3.0,4.0,-0.0,6.0,4.0,0.0,-1.0,5.0,-5.0,-0.0,3.0,1.0,-0.0,6.0,4.0,0.0,,ED/E+,1.0,2.0,0.0,0.0,1.0,1.0,5.8994710374006125,6.188340530596617,0.0,1.0,0.0,0.0,3.0951046463873353,12.0,A1/A1,,NR,AA,0.0,0.0,0.0,100.0,,N,,SYNTH00031,SYNTH00031,SYNTHETIC_ANIMAL_031,SYNTH00031,SYNTH00031,SYNTH00031,SYNTHETIC_ANIMAL_031
SYN0032,SYNTHETIC_ANIMAL_032,SYN0032,SYN0032,SYNTHETIC_ANIMAL_032,,18.0,SYN0032,SYN0032,2025-02-01 09:30:24.651004624,Completed,2023-12-10 04:23:50.740702040,N,Ivf,,2019-10-21 10:40:18.931534398,,2025-10-10 21:28:30.389809079,Heifer,0.0,P,,3.9085946111744008,15.52445307743035,12.593961849163701,SYNTH00032,SYNTHM00000002,SYNTH_SIRE_16,SYN0032,SYNTH00032,SYNTH00032,SYNTHETIC_ANIMAL_032,SYNTH00032,SYNTH00032,SYNTHETIC_ANIMAL_032,GEBV,2026-06-27 15:36:21.010009697,108.0,106.0,3561.0,3380.0,1104.0,1109.0,3101.0,3282.0,625.0,516.0,633.0,513.0,396.0,535.0,1115.0,49.0,0.5475295484006979,23.0,-0.018883721470508888,101.0,95.0,110.0,100.0,98.0,104.0,97.0,97.0,99.0,103.0,95.0,97.0,96.0,93.0,101.0,109.0,104.0,11.0,8.0,1.0,8.0,6.0,-5.0,4.0,-4.0,-2.0,1.0,7.0,-3.0,5.0,7.0,-1.0,6.0,3.0,2.0,-0.0,-1.0,4.0,1.0,1.0,3.0,2.0,-7.0,3.0,6.0,4.0,-8.0,-0.0,,,1.0,0.0,0.0,0.0,0.0,1.0,9.618702643476494,0.0,3.6106200441587943,0.9168007527710879,3.0266164653164433,8.412868131680519,5.298788194530106,13.0,A2/A2,AA,NR,AB,0.0,0.0,0.0,100.0,,N,N,SYNTH00032,SYNTH00032,SYNTHETIC_ANIMAL_032,SYNTH00032,SYNTH00032,SYNTH00032,SYNTHETIC_ANIMAL_032
SYN0033,SYNTHETIC_ANIMAL_033,SYN0033,SYN0033,SYNTHETIC_ANIMAL_033,,15.0,SYN0033,SYN0033,2025-04-02 11:16:53.355124984,Completed,,N,,Conventional,2018-08-04 19:04:00.667884945,,2025-09-09 06:25:01.033904305,Cow,0.0,P,3.0,10.990522949928696,7.584231989752534,12.417663260810293,SYNTH00033,SYNTHM00000010,SYNTH_SIRE_13,SYN0033,SYNTH00033,SYNTH00033,SYNTHETIC_ANIMAL_033,SYNTH00033,SYNTH00033,SYNTHETIC_ANIMAL_033,GPA,2026-06-09 10:33:42.988622763,106.0,,3000.0,3777.0,-512.0,1020.0,3497.0,3328.0,738.0,546.0,689.0,349.0,487.0,537.0,1132.0,54.0,0.4743661478708199,88.0,-0.18354168089851336,104.0,98.0,103.0,97.0,105.0,98.0,,100.0,95.0,98.0,101.0,100.0,96.0,100.0,102.0,94.0,100.0,5.0,6.0,7.0,6.0,2.0,0.0,1.0,-3.0,-4.0,2.0,4.0,7.0,2.0,2.0,7.0,6.0,7.0,-1.0,-1.0,0.0,3.0,-1.0,8.0,2.0,2.0,-2.0,3.0,1.0,4.0,2.0,-3.0,,,1.0,0.0,0.0,9.0,1.0,1.0,5.19992673816086,7.5882038527183155,1.278551212294603,0.540337683248786,31.601778199362997,9.093718883365732,0.0,0.0,,AC,AB,AA,0.0,0.0,0.0,100.0,0.0,,N,SYNTH00033,SYNTH00033,SYNTHETIC_ANIMAL_033,SYNTH00033,SYNTH00033,SYNTH00033,SYNTHETIC_ANIMAL_033
SYN0034,SYNTHETIC_ANIMAL_034,SYN0034,SYN0034,SYNTHETIC_ANIMAL_034,,24.0,SYN0034,SYN0034,2025-07-07 04:10:55.916260025,Completed,2022-11-25 08:29:01.392145476,N,Conventional,,2016-09-23 13:42:55.541370040,2026-08-01 10:14:29.856003218,2026-01-13 09:36:52.760609463,Heifer,0.0,P,3.0,9.293180466494997,,11.37316729328955,SYNTH00034,SYNTHM00000015,SYNTH_SIRE_11,SYN0034,SYNTH00034,SYNTH00034,SYNTHETIC_ANIMAL_034,SYNTH00034,SYNTH00034,SYNTHETIC_ANIMAL_034,SMX PA,2025-12-31 22:34:37.222647242,112.0,108.0,3317.0,3482.0,1303.0,1870.0,3521.0,3195.0,440.0,481.0,710.0,416.0,514.0,338.0,690.0,-2.0,0.242562196707732,32.0,0.16944460761101035,98.0,93.0,103.0,105.0,100.0,101.0,101.0,102.0,102.0,102.0,99.0,97.0,104.0,95.0,93.0,102.0,100.0,9.0,4.0,7.0,6.0,-3.0,5.0,-2.0,-3.0,2.0,2.0,-6.0,-2.0,0.0,3.0,5.0,4.0,5.0,,7.0,2.0,7.0,4.0,4.0,4.0,3.0,4.0,2.0,2.0,-2.0,5.0,7.0,,ED/e,1.0,0.0,0.0,0.0,1.0,0.0,9.021035841043691,0.0,2.6516417780143215,1.0,0.0,2.657633609379997,0.0,4.0,,,,AB,,,0.0,,,Y,N,SYNTH00034,SYNTH00034,SYNTHETIC_ANIMAL_034,SYNTH00034,SYNTH00034,SYNTH00034,SYNTHETIC_ANIMAL_034
SYN0035,SYNTHETIC_ANIMAL_035,SYN0035,SYN0035,SYNTHETIC_ANIMAL_035,,14.0,SYN0035,SYN0035,2025-11-29 09:07:22.106548729,Completed,2026-05-04 05:52:10.109895842,Y,,Beef,2016-08-05 03:03:02.107332768,,2025-03-26 00:13:12.891352469,Cow,0.0,P,,6.326834541317231,9.492216605214654,11.841493731690113,SYNTH00035,SYNTHM00000001,SYNTH_SIRE_15,SYN0035,SYNTH00035,SYNTH00035,SYNTHETIC_ANIMAL_035,SYNTH00035,SYNTH00035,SYNTHETIC_ANIMAL_035,EBV,2026-05-18 15:33:24.261683889,,107.0,3317.0,3492.0,464.0,399.0,3617.0,3342.0,663.0,539.0,707.0,585.0,623.0,456.0,168.0,-8.0,0.10975397901300532,18.0,0.3898322877791915,103.0,98.0,98.0,97.0,104.0,102.0,98.0,99.0,102.0,100.0,91.0,101.0,102.0,106.0,104.0,97.0,100.0,1.0,0.0,1.0,10.0,6.0,3.0,3.0,5.0,7.0,4.0,-1.0,2.0,3.0,-0.0,16.0,7.0,2.0,-2.0,1.0,0.0,10.0,-4.0,6.0,0.0,-1.0,-3.0,5.0,-0.0,6.0,5.0,3.0,HH,ED/ED,1.0,6.0,0.0,6.0,1.0,1.0,0.0,16.06535849571093,1.914523032465108,0.8240717355974528,0.8805067160394202,5.0455298556139025,0.0,0.0,,AE,,,0.0,0.0,,,,N,Y,SYNTH00035,SYNTH00035,SYNTHETIC_ANIMAL_035,SYNTH00035,SYNTH00035,SYNTH00035,SYNTHETIC_ANIMAL_035
SYN0036,SYNTHETIC_ANIMAL_036,SYN0036,SYN0036,SYNTHETIC_ANIMAL_036,,1.0,SYN0036,SYN0036,2025-05-13 21:34:26.989662330,Sample processing at lab,2023-01-09 07:14:17.425821632,Y,,Beef,2023-05-25 07:39:18.796628064,,2026-01-01 06:14:43.234618617,Heifer,1.0,NP,,7.53839374153055,,12.92656213678056,SYNTH00036,SYNTHM00000016,SYNTH_SIRE_03,SYN0036,SYNTH00036,SYNTH00036,SYNTHETIC_ANIMAL_036,SYNTH00036,SYNTH00036,SYNTHETIC_ANIMAL_036,SMX PA,2025-12-30 16:42:37.541405483,101.0,,3382.0,3839.0,1501.0,2878.0,3493.0,3165.0,554.0,501.0,621.0,620.0,499.0,330.0,284.0,13.0,0.5233980841745567,55.0,0.2879008856005462,98.0,95.0,104.0,104.0,102.0,104.0,98.0,104.0,102.0,94.0,107.0,94.0,99.0,101.0,101.0,104.0,90.0,6.0,4.0,8.0,0.0,10.0,1.0,2.0,3.0,2.0,1.0,-4.0,-1.0,1.0,1.0,11.0,-6.0,5.0,-5.0,7.0,-3.0,5.0,-4.0,-6.0,-1.0,4.0,4.0,-3.0,3.0,2.0,7.0,1.0,,e/e,1.0,7.0,0.0,0.0,1.0,1.0,0.6495489558930398,0.0,3.6612011961382076,1.0,10.901378299155791,5.3602463307753725,3.2800337361054983,0.0,A1/A2,AE,,AB,0.0,0.0,,100.0,0.0,Y,,SYNTH00036,SYNTH00036,SYNTHETIC_ANIMAL_036,SYNTH00036,SYNTH00036,SYNTH00036,SYNTHETIC_ANIMAL_036
SYN0037,SYNTHETIC_ANIMAL_037,SYN0037,SYN0037,SYNTHETIC_ANIMAL_037,,7.0,SYN0037,SYN0037,2025-08-19 03:36:51.098378558,Lab waiting for sample to arrive,2023-02-10 22:18:29.233681759,Y,Beef,,2015-06-22 21:30:08.516793794,2026-09-15 00:03:56.382759488,,Heifer,3.0,P,2.0,4.219720308574062,10.991671928150716,,SYNTH00037,SYNTHM00000000,SYNTH_SIRE_07,SYN0037,SYNTH00037,SYNTH00037,SYNTHETIC_ANIMAL_037,SYNTH00037,SYNTH00037,SYNTHETIC_ANIMAL_037,GEBV,2026-06-17 20:34:24.201139389,100.0,,3339.0,3371.0,205.0,1373.0,3552.0,3065.0,612.0,390.0,748.0,396.0,329.0,699.0,-19.0,11.0,0.2136549668847083,-11.0,0.05810775104255258,98.0,96.0,100.0,99.0,104.0,108.0,98.0,97.0,97.0,94.0,92.0,94.0,99.0,97.0,103.0,102.0,99.0,7.0,1.0,4.0,2.0,8.0,,-4.0,4.0,-4.0,5.0,6.0,0.0,2.0,10.0,8.0,1.0,6.0,5.0,-4.0,1.0,7.0,0.0,2.0,-1.0,-2.0,5.0,1.0,7.0,3.0,3.0,4.0,PP,ED/ED,1.0,5.0,0.0,0.0,1.0,1.0,1.2784452224046685,0.0,12.085735992991632,0.9002493862663827,8.1921652945956,8.73151112328209,0.0,4.0,A1/A1,AA,AA,AA,0.0,0.0,,,0.0,Y,N,SYNTH00037,SYNTH00037,SYNTHETIC_ANIMAL_037,SYNTH00037,SYNTH00037,SYNTH00037,SYNTHETIC_ANIMAL_037
SYN0038,SYNTHETIC_ANIMAL_038,SYN0038,SYN0038,SYNTHETIC_ANIMAL_038,,1.0,SYN0038,SYN0038,,Completed,2025-11-26 15:25:13.568588136,Y,,Sexed,2015-01-23 06:47:54.476804804,2026-09-27 11:23:11.109189728,,Cow,1.0,NP,1.0,5.512458987021678,,10.742181595984453,SYNTH00038,SYNTHM00000017,SYNTH_SIRE_14,SYN0038,SYNTH00038,SYNTH00038,SYNTHETIC_ANIMAL_038,SYNTH00038,SYNTH00038,SYNTHETIC_ANIMAL_038,PA,2026-03-22 10:49:40.675246105,93.0,104.0,3003.0,3363.0,1167.0,1377.0,3452.0,3657.0,420.0,515.0,649.0,461.0,486.0,332.0,-122.0,21.0,-0.022813541272138776,28.0,0.09524618439514204,97.0,101.0,,107.0,103.0,103.0,98.0,93.0,100.0,103.0,100.0,104.0,96.0,98.0,100.0,102.0,96.0,11.0,6.0,-1.0,5.0,-3.0,2.0,4.0,-5.0,2.0,8.0,1.0,8.0,-2.0,4.0,6.0,1.0,11.0,0.0,3.0,5.0,5.0,1.0,4.0,-0.0,-1.0,-0.0,3.0,4.0,8.0,3.0,3.0,,,1.0,4.0,0.0,3.0,1.0,1.0,0.0,3.0215218455878188,0.0,1.0,33.60900831532582,5.148949397549494,0.0,3.0,A2/A2,AA,AB,AB,0.0,,,,0.0,N,,SYNTH00038,SYNTH00038,SYNTHETIC_ANIMAL_038,SYNTH00038,SYNTH00038,SYNTH00038,SYNTHETIC_ANIMAL_038
SYN0039,SYNTHETIC_ANIMAL_039,SYN0039,SYN0039,SYNTHETIC_ANIMAL_039,,,SYN0039,SYN0039,2023-03-06 17:08:25.693868418,,2026-02-17 12:36:52.807883387,Y,Sexed,,2016-03-11 08:33:39.192009716,,,Heifer,0.0,P,,6.838761991421391,14.105270395005467,,SYNTH00039,SYNTHM00000007,SYNTH_SIRE_01,SYN0039,SYNTH00039,SYNTH00039,SYNTHETIC_ANIMAL_039,SYNTH00039,SYNTH00039,SYNTHETIC_ANIMAL_039,PA,2026-02-10 08:09:55.047789981,,,2858.0,3420.0,937.0,1481.0,3319.0,3511.0,664.0,428.0,684.0,489.0,685.0,382.0,-148.0,64.0,-0.2887376869281236,66.0,0.21787590858924627,101.0,99.0,104.0,104.0,91.0,100.0,96.0,108.0,97.0,104.0,100.0,103.0,102.0,93.0,99.0,97.0,94.0,-0.0,7.0,6.0,2.0,-1.0,5.0,6.0,-4.0,1.0,-1.0,-2.0,3.0,9.0,0.0,5.0,6.0,7.0,-1.0,8.0,-3.0,9.0,-4.0,3.0,2.0,-0.0,-2.0,0.0,4.0,1.0,-2.0,3.0,HH,NR,1.0,0.0,0.0,0.0,1.0,1.0,4.9477125616091,0.0,0.0,0.7779305427257693,13.049436300209962,0.0,2.180221257047273,0.0,,AC,AA,,,0.0,0.0,100.0,0.0,,Y,SYNTH00039,SYNTH00039,SYNTHETIC_ANIMAL_039,SYNTH00039,SYNTH00039,SYNTH00039,SYNTHETIC_ANIMAL_039
SYN0040,SYNTHETIC_ANIMAL_040,SYN0040,SYN0040,SYNTHETIC_ANIMAL_040,,21.0,SYN0040,SYN0040,2024-11-08 20:36:12.619036505,,2023-03-02 10:07:09.030914950,Y,,,2016-03-07 00:50:19.108916649,2026-09-26 10:15:11.260408441,,Heifer,1.0,NP,1.0,11.643037776611589,7.780849542726758,11.021729624060518,SYNTH00040,SYNTHM00000013,SYNTH_SIRE_18,SYN0040,SYNTH00040,SYNTH00040,SYNTHETIC_ANIMAL_040,SYNTH00040,SYNTH00040,SYNTHETIC_ANIMAL_040,GEBV,2026-01-01 16:51:47.656298012,101.0,101.0,3492.0,2970.0,1367.0,2455.0,3269.0,3035.0,610.0,377.0,654.0,617.0,554.0,382.0,81.0,37.0,0.08881671022308044,24.0,0.2505853788930461,104.0,100.0,,98.0,103.0,104.0,95.0,97.0,99.0,100.0,100.0,97.0,98.0,96.0,98.0,98.0,106.0,6.0,10.0,5.0,7.0,1.0,3.0,12.0,4.0,4.0,-1.0,0.0,-0.0,-1.0,2.0,0.0,8.0,9.0,-2.0,1.0,-1.0,9.0,-1.0,6.0,3.0,-2.0,0.0,10.0,4.0,9.0,3.0,4.0,,,1.0,5.0,0.0,7.0,1.0,1.0,6.3952464787999945,15.948961600466479,6.8448879514128755,1.0,29.229573080428413,12.026117195239978,0.0,0.0,A2/A2,AE,,AA,0.0,,,100.0,0.0,Y,N,SYNTH00040,SYNTH00040,SYNTHETIC_ANIMAL_040,SYNTH00040,SYNTH00040,SYNTH00040,SYNTHETIC_ANIMAL_040
SYN0041,SYNTHETIC_ANIMAL_041,SYN0041,SYN0041,SYNTHETIC_ANIMAL_041,,14.0,SYN0041,SYN0041,2025-11-17 18:37:02.113948879,Sample processing at lab,2024-04-03 20:07:58.129887004,N,Conventional,,2024-04-16 21:27:44.644500821,2026-08-28 19:48:36.097260606,,Cow,1.0,P,1.0,6.562152472851355,14.677911839826676,13.256603311667956,SYNTH00041,SYNTHM00000016,SYNTH_SIRE_03,SYN0041,SYNTH00041,SYNTH00041,SYNTHETIC_ANIMAL_041,SYNTH00041,SYNTH00041,SYNTHETIC_ANIMAL_041,EBV,2025-11-30 14:38:07.453325185,,107.0,3296.0,3118.0,1237.0,1674.0,3176.0,3385.0,546.0,525.0,651.0,449.0,436.0,341.0,-143.0,49.0,0.44298341894793675,-9.0,0.046077555425108246,99.0,92.0,108.0,99.0,105.0,99.0,100.0,97.0,107.0,105.0,96.0,100.0,98.0,104.0,100.0,104.0,101.0,2.0,6.0,4.0,3.0,-2.0,2.0,1.0,-9.0,,1.0,-8.0,-2.0,7.0,-2.0,-3.0,-3.0,2.0,4.0,0.0,-5.0,6.0,-0.0,1.0,1.0,5.0,-2.0,4.0,-4.0,9.0,-2.0,2.0,PP,,1.0,5.0,0.0,1.0,1.0,1.0,4.555385704631124,2.205939303429642,5.3939384129253725,0.6870191530414567,0.0,6.960278709682955,0.0,0.0,,BB,NR,AA,0.0,0.0,0.0,,0.0,N,,SYNTH00041,SYNTH00041,SYNTHETIC_ANIMAL_041,SYNTH00041,SYNTH00041,SYNTH00041,SYNTHETIC_ANIMAL_041
SYN0042,SYNTHETIC_ANIMAL_042,SYN0042,SYN0042,SYNTHETIC_ANIMAL_042,,2.0,SYN0042,SYN0042,2022-03-07 14:22:22.559468154,,,Y,,,2018-12-22 18:27:47.154618537,2026-12-13 15:21:26.133864134,,Heifer,5.0,NP,1.0,10.043072920473804,9.649083429785037,12.908980666690322,SYNTH00042,SYNTHM00000001,SYNTH_SIRE_15,SYN0042,SYNTH00042,SYNTH00042,SYNTHETIC_ANIMAL_042,SYNTH00042,SYNTH00042,SYNTHETIC_ANIMAL_042,SMX PA,2026-01-21 19:06:39.037569598,114.0,,3571.0,3102.0,958.0,-52.0,2897.0,3040.0,599.0,553.0,566.0,451.0,534.0,599.0,-427.0,2.0,0.8936719203408188,18.0,0.09878088044907744,95.0,104.0,102.0,104.0,104.0,98.0,99.0,99.0,100.0,103.0,102.0,103.0,101.0,108.0,98.0,108.0,99.0,8.0,8.0,4.0,0.0,4.0,-2.0,1.0,6.0,-9.0,2.0,-3.0,-5.0,0.0,-0.0,1.0,7.0,3.0,8.0,-3.0,5.0,5.0,0.0,2.0,0.0,-2.0,1.0,4.0,-2.0,7.0,-4.0,4.0,,,0.0,8.0,0.0,3.0,1.0,1.0,0.23009507324507816,0.5568087144132452,5.225784899462788,1.0,0.0,0.0,0.0,7.0,A2/A2,AC,AB,AB,0.0,,0.0,100.0,0.0,N,,SYNTH00042,SYNTH00042,SYNTHETIC_ANIMAL_042,SYNTH00042,SYNTH00042,SYNTH00042,SYNTHETIC_ANIMAL_042
SYN0043,SYNTHETIC_ANIMAL_043,SYN0043,SYN0043,SYNTHETIC_ANIMAL_043,,1.0,SYN0043,SYN0043,2024-05-23 01:35:54.528711993,,,N,,Sexed,2026-05-22 00:52:59.862735558,2026-08-10 11:10:28.011138845,,Cow,0.0,NP,,6.837388746195719,10.336537166344904,12.251875000232456,SYNTH00043,SYNTHM00000003,SYNTH_SIRE_12,SYN0043,SYNTH00043,SYNTH00043,SYNTHETIC_ANIMAL_043,SYNTH00043,SYNTH00043,SYNTHETIC_ANIMAL_043,GPA,2026-06-17 23:57:44.696318682,101.0,,3230.0,3405.0,18.0,2114.0,2971.0,2924.0,489.0,556.0,690.0,600.0,441.0,697.0,530.0,27.0,0.23775105307379285,55.0,0.13595753164296293,96.0,94.0,107.0,101.0,102.0,96.0,105.0,100.0,96.0,102.0,92.0,101.0,98.0,103.0,102.0,103.0,97.0,9.0,3.0,2.0,4.0,5.0,4.0,-1.0,-5.0,,10.0,0.0,-3.0,4.0,8.0,4.0,-2.0,4.0,0.0,,1.0,2.0,2.0,7.0,1.0,-1.0,2.0,2.0,1.0,-0.0,-1.0,4.0,,ED/ED,1.0,13.0,0.0,0.0,1.0,1.0,0.0,8.612240370576316,23.151778850618314,1.0,0.6434189308355149,0.0,0.0,0.0,A1/A1,,NR,AA,0.0,0.0,0.0,100.0,0.0,,N,SYNTH00043,SYNTH00043,SYNTHETIC_ANIMAL_043,SYNTH00043,SYNTH00043,SYNTH00043,SYNTHETIC_ANIMAL_043
SYN0044,SYNTHETIC_ANIMAL_044,SYN0044,SYN0044,SYNTHETIC_ANIMAL_044,,,SYN0044,SYN0044,2025-02-04 12:47:31.379310382,Completed,2023-11-15 12:17:37.452738291,Y,,Conventional,2015-09-14 14:30:10.926800159,,2025-04-08 23:31:28.137606406,Heifer,1.0,P,,8.9760815235345,,12.133153657421543,SYNTH00044,SYNTHM00000002,SYNTH_SIRE_16,SYN0044,SYNTH00044,SYNTH00044,SYNTHETIC_ANIMAL_044,SYNTH00044,SYNTH00044,SYNTHETIC_ANIMAL_044,SMX PA,2026-05-23 04:40:43.204122821,100.0,105.0,2842.0,3189.0,62.0,858.0,3163.0,3507.0,504.0,559.0,843.0,458.0,398.0,433.0,538.0,62.0,-0.00714362560879242,34.0,0.17129576068609673,102.0,103.0,97.0,101.0,109.0,96.0,102.0,98.0,101.0,96.0,98.0,100.0,98.0,100.0,94.0,97.0,100.0,12.0,3.0,7.0,5.0,-1.0,-10.0,3.0,5.0,-2.0,7.0,3.0,3.0,4.0,3.0,-5.0,-2.0,4.0,1.0,,-3.0,2.0,-1.0,-6.0,12.0,6.0,1.0,3.0,-1.0,-5.0,9.0,2.0,,,1.0,0.0,0.0,4.0,1.0,1.0,9.912057618942503,0.0,6.434800146974746,1.0,0.0,3.951074882985865,0.0,0.0,A2/A2,AB,AA,,0.0,0.0,,100.0,0.0,,Y,SYNTH00044,SYNTH00044,SYNTHETIC_ANIMAL_044,SYNTH00044,SYNTH00044,SYNTH00044,SYNTHETIC_ANIMAL_044
SYN0045,SYNTHETIC_ANIMAL_045,SYN0045,SYN0045,SYNTHETIC_ANIMAL_045,,1.0,SYN0045,SYN0045,2022-04-16 08:09:55.392143088,Completed,2024-06-15 20:30:19.276585313,N,,Beef,2022-03-03 06:59:16.459243414,2027-03-22 06:24:27.578661915,,Heifer,4.0,NP,1.0,7.917040988837703,10.633036453384939,11.805354022997214,SYNTH00045,SYNTHM00000001,SYNTH_SIRE_15,SYN0045,SYNTH00045,SYNTH00045,SYNTHETIC_ANIMAL_045,SYNTH00045,SYNTH00045,SYNTHETIC_ANIMAL_045,EBV,2026-06-30 07:47:08.973275339,103.0,102.0,3519.0,3271.0,717.0,1180.0,3312.0,2787.0,513.0,362.0,597.0,539.0,468.0,357.0,1325.0,62.0,-0.1314053222364118,9.0,0.07544347851827848,107.0,101.0,97.0,106.0,104.0,99.0,102.0,99.0,96.0,106.0,96.0,103.0,99.0,99.0,97.0,102.0,104.0,4.0,6.0,4.0,8.0,7.0,3.0,3.0,-2.0,-4.0,6.0,-6.0,6.0,5.0,10.0,2.0,2.0,1.0,7.0,1.0,1.0,1.0,7.0,4.0,-1.0,-1.0,8.0,-1.0,-2.0,8.0,2.0,1.0,,ED/ED,1.0,0.0,0.0,7.0,1.0,0.0,4.232248888568133,0.0,10.472943654893854,1.0,13.69417459184579,0.0,14.349305155015042,0.0,A1/A1,,,AB,,0.0,0.0,100.0,0.0,N,,SYNTH00045,SYNTH00045,SYNTHETIC_ANIMAL_045,SYNTH00045,SYNTH00045,SYNTH00045,SYNTHETIC_ANIMAL_045
SYN0046,SYNTHETIC_ANIMAL_046,SYN0046,SYN0046,SYNTHETIC_ANIMAL_046,,2.0,SYN0046,SYN0046,2023-11-25 18:27:25.024170668,Sample processing at lab,,Y,,Conventional,2019-08-09 11:43:49.377088183,,2025-02-16 22:09:29.073271892,Cow,2.0,P,2.0,10.676422107665571,15.448742270168372,12.599698340137554,SYNTH00046,SYNTHM00000018,SYNTH_SIRE_10,SYN0046,SYNTH00046,SYNTH00046,SYNTHETIC_ANIMAL_046,SYNTH00046,SYNTH00046,SYNTHETIC_ANIMAL_046,GEBV,2025-12-20 06:26:20.788899946,107.0,,3138.0,3521.0,1139.0,182.0,3654.0,3479.0,404.0,407.0,636.0,377.0,499.0,274.0,54.0,19.0,0.3829599143613109,12.0,0.07725617357300266,102.0,100.0,,99.0,104.0,98.0,98.0,99.0,96.0,101.0,95.0,98.0,102.0,97.0,106.0,110.0,95.0,10.0,3.0,5.0,6.0,6.0,10.0,-0.0,6.0,0.0,2.0,-1.0,-0.0,-2.0,3.0,3.0,1.0,9.0,-5.0,-3.0,-4.0,5.0,3.0,1.0,-0.0,1.0,-1.0,3.0,-5.0,4.0,4.0,7.0,,,0.0,0.0,0.0,1.0,0.0,1.0,0.0,6.624602358833981,0.0,0.929774332177448,0.0,3.013089040446376,0.0,6.0,A1/A2,AC,AB,AA,0.0,0.0,0.0,100.0,0.0,Y,N,SYNTH00046,SYNTH00046,SYNTHETIC_ANIMAL_046,SYNTH00046,SYNTH00046,SYNTH00046,SYNTHETIC_ANIMAL_046
SYN0047,SYNTHETIC_ANIMAL_047,SYN0047,SYN0047,SYNTHETIC_ANIMAL_047,,11.0,SYN0047,SYN0047,2026-01-16 03:33:47.436495336,Sample processing at lab,2025-05-12 22:46:40.666678843,N,Conventional,,2018-11-27 04:59:08.754352791,2026-07-11 04:30:01.165809919,2026-06-05 15:46:15.705528072,Heifer,2.0,P,2.0,6.8469222247095685,9.64957659763137,11.660594799770234,SYNTH00047,SYNTHM00000001,SYNTH_SIRE_15,SYN0047,SYNTH00047,SYNTH00047,SYNTHETIC_ANIMAL_047,SYNTH00047,SYNTH00047,SYNTHETIC_ANIMAL_047,SMX PA,2026-04-07 20:54:57.799994656,,99.0,3341.0,3462.0,699.0,1482.0,3231.0,3169.0,616.0,670.0,591.0,473.0,361.0,454.0,571.0,48.0,-0.3030610263656499,15.0,0.2865435227222045,99.0,95.0,102.0,102.0,106.0,103.0,100.0,100.0,97.0,98.0,100.0,100.0,104.0,107.0,97.0,101.0,99.0,12.0,5.0,6.0,6.0,2.0,-4.0,2.0,12.0,3.0,2.0,3.0,8.0,5.0,3.0,4.0,-3.0,8.0,10.0,6.0,-3.0,-0.0,-1.0,-1.0,15.0,-2.0,7.0,0.0,-3.0,1.0,1.0,0.0,,,1.0,2.0,0.0,8.0,1.0,1.0,0.10286198178503092,0.0,0.0,1.0,0.0,5.231247083282582,0.0,0.0,,AA,NR,,0.0,0.0,0.0,,,N,N,SYNTH00047,SYNTH00047,SYNTHETIC_ANIMAL_047,SYNTH00047,SYNTH00047,SYNTH00047,SYNTHETIC_ANIMAL_047
SYN0048,SYNTHETIC_ANIMAL_048,SYN0048,SYN0048,SYNTHETIC_ANIMAL_048,,,SYN0048,SYN0048,2025-01-26 13:13:15.046254438,Sample processing at lab,2025-08-01 02:04:17.221618454,Y,Ivf,,2024-12-10 15:14:34.927299394,2026-07-13 15:15:39.114111915,,Cow,1.0,NP,3.0,4.02425918645296,10.190632746633716,,SYNTH00048,SYNTHM00000014,SYNTH_SIRE_06,SYN0048,SYNTH00048,SYNTH00048,SYNTHETIC_ANIMAL_048,SYNTH00048,SYNTH00048,SYNTHETIC_ANIMAL_048,PA,2026-01-23 19:55:34.011333262,,111.0,3059.0,3193.0,1604.0,634.0,3529.0,3180.0,642.0,432.0,588.0,363.0,412.0,448.0,580.0,115.0,0.38248319552272425,33.0,0.2627795042137114,103.0,98.0,101.0,105.0,104.0,98.0,102.0,89.0,99.0,97.0,103.0,100.0,101.0,99.0,98.0,106.0,103.0,-1.0,0.0,0.0,5.0,3.0,0.0,,-7.0,-5.0,-2.0,,-1.0,8.0,6.0,2.0,5.0,3.0,12.0,,-5.0,2.0,2.0,4.0,4.0,4.0,-2.0,3.0,1.0,8.0,-4.0,3.0,,,1.0,2.0,0.0,0.0,0.0,1.0,0.0,0.0,0.0,0.9272170638689589,13.972891923430783,0.0,2.692855725201857,3.0,A1/A1,AE,NR,AB,,0.0,,100.0,0.0,Y,,SYNTH00048,SYNTH00048,SYNTHETIC_ANIMAL_048,SYNTH00048,SYNTH00048,SYNTH00048,SYNTHETIC_ANIMAL_048
SYN0049,SYNTHETIC_ANIMAL_049,SYN0049,SYN0049,SYNTHETIC_ANIMAL_049,,13.0,SYN0049,SYN0049,2023-03-11 15:47:15.926764856,Lab waiting for sample to arrive,2024-09-05 16:15:26.816631124,Y,Sexed,Beef,2026-03-15 08:59:15.419250271,,,Cow,2.0,NP,,4.542648074793272,10.060469381604735,,SYNTH00049,SYNTHM00000015,SYNTH_SIRE_11,SYN0049,SYNTH00049,SYNTH00049,SYNTHETIC_ANIMAL_049,SYNTH00049,SYNTH00049,SYNTHETIC_ANIMAL_049,PA,2026-03-27 23:45:46.106700656,107.0,110.0,3712.0,3059.0,940.0,1175.0,3551.0,3343.0,494.0,563.0,762.0,408.0,493.0,418.0,276.0,42.0,0.46166014509351705,53.0,0.16062629875961798,99.0,96.0,99.0,105.0,99.0,92.0,103.0,108.0,103.0,100.0,97.0,99.0,102.0,107.0,96.0,98.0,90.0,9.0,1.0,1.0,3.0,-3.0,1.0,6.0,4.0,4.0,6.0,1.0,1.0,-0.0,-6.0,3.0,5.0,7.0,-9.0,1.0,-3.0,-6.0,2.0,7.0,-4.0,4.0,2.0,-6.0,1.0,0.0,7.0,3.0,HH,,1.0,0.0,0.0,4.0,1.0,1.0,1.843447765668372,11.266278970799927,7.199173651910192,0.6067176501376159,0.0,0.0,3.8648499291002585,18.0,,BB,BB,,0.0,0.0,0.0,100.0,0.0,,Y,SYNTH00049,SYNTH00049,SYNTHETIC_ANIMAL_049,SYNTH00049,SYNTH00049,SYNTH00049,SYNTHETIC_ANIMAL_049
SYN0050,SYNTHETIC_ANIMAL_050,SYN0050,SYN0050,SYNTHETIC_ANIMAL_050,,,SYN0050,SYN0050,2025-11-09 07:35:53.368095423,,,Y,,Conventional,2024-11-30 10:57:54.210219304,,,Cow,3.0,P,1.0,6.854902487634133,,11.489628384257529,SYNTH00050,SYNTHM00000013,SYNTH_SIRE_18,SYN0050,SYNTH00050,SYNTH00050,SYNTHETIC_ANIMAL_050,SYNTH00050,SYNTH00050,SYNTHETIC_ANIMAL_050,EBV,2026-02-06 19:41:33.766902838,104.0,107.0,2993.0,3534.0,437.0,899.0,3177.0,3388.0,576.0,460.0,572.0,547.0,464.0,497.0,812.0,20.0,0.3487042070968107,47.0,0.3338836771351282,99.0,98.0,97.0,101.0,93.0,98.0,100.0,99.0,102.0,93.0,102.0,99.0,98.0,105.0,100.0,100.0,99.0,10.0,7.0,-4.0,1.0,3.0,-0.0,-0.0,-5.0,4.0,5.0,0.0,-2.0,1.0,4.0,12.0,6.0,5.0,2.0,-3.0,6.0,9.0,6.0,6.0,5.0,4.0,6.0,-1.0,-1.0,2.0,-5.0,-0.0,,,1.0,7.0,0.0,3.0,1.0,1.0,0.06720498302631239,7.889159300508151,4.814957967466627,1.0,18.975137471278643,3.31260778345107,7.754033725470695,19.0,A1/A2,,BB,AB,0.0,0.0,,100.0,0.0,,Y,SYNTH00050,SYNTH00050,SYNTHETIC_ANIMAL_050,SYNTH00050,SYNTH00050,SYNTH00050,SYNTHETIC_ANIMAL_050
SYN0051,SYNTHETIC_ANIMAL_051,SYN0051,SYN0051,SYNTHETIC_ANIMAL_051,,11.0,SYN0051,SYN0051,,,2026-02-04 05:06:04.988372215,N,,,2016-05-23 13:59:57.630338773,2027-02-26 09:16:02.171175079,2025-02-07 23:16:09.203075821,Heifer,0.0,NP,1.0,4.9041156730624476,16.16638628090168,11.440953871329326,SYNTH00051,SYNTHM00000007,SYNTH_SIRE_01,SYN0051,SYNTH00051,SYNTH00051,SYNTHETIC_ANIMAL_051,SYNTH00051,SYNTH00051,SYNTHETIC_ANIMAL_051,GPA,2026-01-29 15:30:04.602566767,,114.0,3147.0,3439.0,941.0,2489.0,3413.0,3018.0,528.0,521.0,589.0,482.0,520.0,513.0,828.0,37.0,0.1544561751053492,35.0,0.04009020692946008,97.0,97.0,96.0,101.0,101.0,100.0,105.0,102.0,102.0,102.0,99.0,100.0,97.0,94.0,97.0,103.0,97.0,5.0,8.0,7.0,5.0,4.0,5.0,3.0,3.0,1.0,8.0,6.0,6.0,-1.0,3.0,7.0,1.0,7.0,-1.0,6.0,-2.0,2.0,-1.0,2.0,-2.0,3.0,6.0,9.0,2.0,6.0,1.0,-1.0,HP,,1.0,0.0,0.0,0.0,1.0,1.0,0.0,0.0,4.787012353922812,1.0,0.0,0.0,0.0,0.0,A2/A2,AA,NR,,0.0,,0.0,100.0,,Y,,SYNTH00051,SYNTH00051,SYNTHETIC_ANIMAL_051,SYNTH00051,SYNTH00051,SYNTH00051,SYNTHETIC_ANIMAL_051
SYN0052,SYNTHETIC_ANIMAL_052,SYN0052,SYN0052,SYNTHETIC_ANIMAL_052,,9.0,SYN0052,SYN0052,2025-11-10 05:00:23.239266462,Sample processing at lab,,Y,,,2016-09-30 22:18:45.355075005,2027-01-27 01:40:39.197205879,,Cow,3.0,NP,2.0,9.417452261414821,,10.923501312174233,SYNTH00052,SYNTHM00000000,SYNTH_SIRE_07,SYN0052,SYNTH00052,SYNTH00052,SYNTHETIC_ANIMAL_052,SYNTH00052,SYNTH00052,SYNTHETIC_ANIMAL_052,SMX PA,2026-04-03 19:40:31.734978474,,104.0,3274.0,2813.0,1311.0,2530.0,3174.0,3424.0,575.0,464.0,494.0,462.0,407.0,506.0,588.0,46.0,0.38680546953574185,-1.0,0.32046962712465377,105.0,91.0,101.0,96.0,105.0,100.0,101.0,93.0,97.0,96.0,94.0,100.0,101.0,98.0,99.0,102.0,99.0,1.0,1.0,-0.0,3.0,5.0,3.0,-2.0,1.0,-2.0,2.0,-1.0,10.0,-0.0,9.0,2.0,2.0,-0.0,1.0,-0.0,3.0,4.0,4.0,6.0,6.0,2.0,0.0,7.0,-0.0,-1.0,3.0,1.0,,,1.0,0.0,0.0,2.0,1.0,1.0,13.615859724861043,0.0,0.0,0.9414761460294427,26.125728096660136,2.0263764817095034,0.0,5.0,A1/A2,BB,AB,AA,0.0,,0.0,100.0,0.0,,Y,SYNTH00052,SYNTH00052,SYNTHETIC_ANIMAL_052,SYNTH00052,SYNTH00052,SYNTH00052,SYNTHETIC_ANIMAL_052
SYN0053,SYNTHETIC_ANIMAL_053,SYN0053,SYN0053,SYNTHETIC_ANIMAL_053,,12.0,SYN0053,SYN0053,,,2025-08-24 11:50:44.990866632,N,Beef,,2022-03-14 21:09:58.145542855,,2026-04-24 08:59:48.017603575,Cow,0.0,NP,4.0,7.034724515754005,,,SYNTH00053,SYNTHM00000019,SYNTH_SIRE_00,SYN0053,SYNTH00053,SYNTH00053,SYNTHETIC_ANIMAL_053,SYNTH00053,SYNTH00053,SYNTHETIC_ANIMAL_053,SMX PA,2026-01-07 12:19:10.310001751,109.0,118.0,2932.0,3153.0,1383.0,1137.0,3620.0,3265.0,500.0,559.0,565.0,431.0,543.0,448.0,275.0,38.0,0.2701270588934158,-1.0,0.16971054839341954,91.0,102.0,99.0,98.0,101.0,107.0,104.0,97.0,98.0,101.0,97.0,97.0,100.0,98.0,102.0,97.0,97.0,10.0,7.0,5.0,10.0,5.0,2.0,1.0,2.0,-2.0,3.0,-0.0,-5.0,7.0,7.0,4.0,2.0,4.0,0.0,,-2.0,8.0,2.0,6.0,1.0,-0.0,4.0,9.0,6.0,3.0,4.0,0.0,,,1.0,0.0,0.0,1.0,1.0,0.0,0.0,0.0,0.0,0.6789249249954417,0.0,0.0,2.559021198994234,0.0,,BE,,AB,0.0,0.0,,,0.0,Y,N,SYNTH00053,SYNTH00053,SYNTHETIC_ANIMAL_053,SYNTH00053,SYNTH00053,SYNTH00053,SYNTHETIC_ANIMAL_053
SYN0054,SYNTHETIC_ANIMAL_054,SYN0054,SYN0054,SYNTHETIC_ANIMAL_054,,22.0,SYN0054,SYN0054,2024-09-19 21:00:34.342955667,Completed,2022-09-09 19:00:38.064017827,N,Conventional,,2017-08-09 06:26:21.328490914,2026-11-17 13:15:53.522592233,2025-12-13 06:26:45.287762009,Cow,2.0,P,1.0,14.760743655907405,20.230311648678512,10.356057821032064,SYNTH00054,SYNTHM00000018,SYNTH_SIRE_10,SYN0054,SYNTH00054,SYNTH00054,SYNTHETIC_ANIMAL_054,SYNTH00054,SYNTH00054,SYNTHETIC_ANIMAL_054,GPA,2026-03-11 16:17:01.498920389,,104.0,3338.0,3279.0,2523.0,1149.0,3425.0,2905.0,480.0,525.0,483.0,469.0,409.0,377.0,220.0,42.0,-0.010924791701216685,37.0,0.53,103.0,98.0,98.0,103.0,106.0,100.0,99.0,96.0,101.0,97.0,97.0,102.0,95.0,100.0,97.0,97.0,100.0,1.0,2.0,6.0,9.0,5.0,4.0,2.0,-2.0,5.0,4.0,3.0,1.0,-3.0,-0.0,4.0,8.0,4.0,5.0,,4.0,4.0,7.0,2.0,0.0,-1.0,3.0,9.0,1.0,8.0,0.0,-3.0,,,0.0,0.0,0.0,0.0,0.0,1.0,6.942466990498955,21.446259180964766,0.23077025789685846,0.8194506199674676,16.42487168671479,0.0,0.0,0.0,A1/A1,BB,AB,,,0.0,0.0,100.0,0.0,N,N,SYNTH00054,SYNTH00054,SYNTHETIC_ANIMAL_054,SYNTH00054,SYNTH00054,SYNTH00054,SYNTHETIC_ANIMAL_054
SYN0055,SYNTHETIC_ANIMAL_055,SYN0055,SYN0055,SYNTHETIC_ANIMAL_055,,1.0,SYN0055,SYN0055,2023-11-18 18:43:03.155726053,Completed,2023-02-18 10:30:01.246345281,Y,,Conventional,2023-03-09 15:11:09.443648204,2027-04-11 23:21:29.522253751,2025-08-20 23:13:16.285101216,Heifer,2.0,NP,3.0,3.5749407012845342,8.758478436353013,12.645615101082536,SYNTH00055,SYNTHM00000001,SYNTH_SIRE_15,SYN0055,SYNTH00055,SYNTH00055,SYNTHETIC_ANIMAL_055,SYNTH00055,SYNTH00055,SYNTHETIC_ANIMAL_055,PA,2026-04-20 19:54:29.713656818,,106.0,3703.0,3440.0,654.0,834.0,2904.0,3190.0,631.0,479.0,684.0,508.0,608.0,537.0,-322.0,-5.0,0.7674803994471785,-1.0,-0.07237808801549366,98.0,96.0,,101.0,103.0,105.0,94.0,106.0,98.0,98.0,95.0,97.0,98.0,100.0,102.0,105.0,108.0,5.0,4.0,7.0,6.0,3.0,1.0,3.0,5.0,-4.0,6.0,-4.0,7.0,-3.0,8.0,1.0,-7.0,7.0,,-1.0,-3.0,8.0,6.0,-0.0,9.0,6.0,-0.0,6.0,4.0,4.0,-4.0,-0.0,,,0.0,0.0,0.0,2.0,1.0,1.0,18.19120684728465,12.01663651371818,7.296964421511447,0.5478607126212751,8.101149769328217,5.07857213671809,22.23150636140185,1.0,A2/A2,BE,AA,AA,0.0,0.0,,100.0,0.0,N,N,SYNTH00055,SYNTH00055,SYNTHETIC_ANIMAL_055,SYNTH00055,SYNTH00055,SYNTH00055,SYNTHETIC_ANIMAL_055
SYN0056,SYNTHETIC_ANIMAL_056,SYN0056,SYN0056,SYNTHETIC_ANIMAL_056,,3.0,SYN0056,SYN0056,2023-05-09 11:42:27.740011779,,2025-06-01 05:21:18.960466702,Y,Beef,,2021-01-28 19:23:36.107806405,2026-06-21 15:36:09.228362042,,Cow,0.0,P,4.0,8.855543285104345,12.588274344047857,13.611374371856535,SYNTH00056,SYNTHM00000019,SYNTH_SIRE_00,SYN0056,SYNTH00056,SYNTH00056,SYNTHETIC_ANIMAL_056,SYNTH00056,SYNTH00056,SYNTHETIC_ANIMAL_056,GPA,2025-12-26 07:52:39.778181735,101.0,,3103.0,3474.0,1091.0,1900.0,3289.0,3598.0,544.0,432.0,843.0,558.0,372.0,478.0,-20.0,11.0,0.11536092871932589,21.0,-0.002174136380418787,99.0,96.0,101.0,102.0,107.0,102.0,102.0,97.0,99.0,96.0,100.0,99.0,99.0,110.0,102.0,105.0,98.0,6.0,10.0,-0.0,5.0,5.0,11.0,,-4.0,5.0,-2.0,,-4.0,7.0,3.0,1.0,-1.0,2.0,-2.0,-4.0,1.0,-2.0,2.0,-0.0,4.0,4.0,4.0,2.0,2.0,9.0,0.0,3.0,,,1.0,1.0,0.0,2.0,1.0,0.0,9.760701802088361,0.0,8.205323760417047,1.0,18.485659944219872,4.493628975873376,0.0,14.0,A1/A1,AE,AA,AB,0.0,,0.0,,,N,Y,SYNTH00056,SYNTH00056,SYNTHETIC_ANIMAL_056,SYNTH00056,SYNTH00056,SYNTH00056,SYNTHETIC_ANIMAL_056
SYN0057,SYNTHETIC_ANIMAL_057,SYN0057,SYN0057,SYNTHETIC_ANIMAL_057,,,SYN0057,SYN0057,2026-01-01 18:43:34.324675280,,2022-05-14 03:41:46.183005699,Y,,Conventional,2020-11-18 20:33:39.491288921,2026-10-09 23:46:51.507855182,,Heifer,1.0,NP,2.0,5.233535093308705,8.25248171311474,,SYNTH00057,SYNTHM00000018,SYNTH_SIRE_10,SYN0057,SYNTH00057,SYNTH00057,SYNTHETIC_ANIMAL_057,SYNTH00057,SYNTH00057,SYNTHETIC_ANIMAL_057,SMX PA,2026-06-21 15:52:19.245831958,102.0,107.0,3356.0,3310.0,1458.0,866.0,3713.0,3676.0,707.0,536.0,598.0,292.0,416.0,557.0,78.0,38.0,0.44923446805463085,32.0,0.15244791197183047,106.0,99.0,107.0,105.0,101.0,101.0,103.0,103.0,101.0,99.0,99.0,99.0,97.0,96.0,103.0,107.0,100.0,9.0,7.0,4.0,4.0,7.0,,8.0,6.0,0.0,6.0,-1.0,4.0,3.0,0.0,9.0,2.0,-5.0,1.0,-1.0,1.0,11.0,0.0,5.0,6.0,-1.0,9.0,-0.0,-4.0,8.0,0.0,6.0,,,0.0,1.0,0.0,1.0,0.0,1.0,1.335011190887606,8.443148908654887,0.0,0.5957674868486345,6.820143075055489,0.0,1.979988336821119,8.0,A1/A1,AA,AB,AA,0.0,0.0,0.0,100.0,,,N,SYNTH00057,SYNTH00057,SYNTHETIC_ANIMAL_057,SYNTH00057,SYNTH00057,SYNTH00057,SYNTHETIC_ANIMAL_057
SYN0058,SYNTHETIC_ANIMAL_058,SYN0058,SYN0058,SYNTHETIC_ANIMAL_058,,,SYN0058,SYN0058,,Lab waiting for sample to arrive,2026-05-31 13:49:21.710592867,Y,,Sexed,2024-05-11 18:34:01.995969172,,,Cow,0.0,NP,3.0,6.959560333405985,9.638809050187415,10.537121793154872,SYNTH00058,SYNTHM00000012,SYNTH_SIRE_08,SYN0058,SYNTH00058,SYNTH00058,SYNTHETIC_ANIMAL_058,SYNTH00058,SYNTH00058,SYNTHETIC_ANIMAL_058,GEBV,2026-03-19 18:21:49.701256840,106.0,,2459.0,3389.0,1128.0,800.0,3192.0,3424.0,553.0,419.0,487.0,424.0,522.0,548.0,-191.0,37.0,-0.49673369650155175,3.0,0.1494390630660492,97.0,95.0,99.0,98.0,104.0,99.0,103.0,96.0,99.0,106.0,91.0,101.0,104.0,101.0,100.0,108.0,108.0,4.0,7.0,11.0,-1.0,4.0,2.0,5.0,0.0,1.0,3.0,-0.0,7.0,9.0,4.0,3.0,-1.0,0.0,4.0,4.0,10.0,6.0,3.0,2.0,4.0,2.0,4.0,8.0,1.0,4.0,0.0,4.0,,,1.0,0.0,0.0,1.0,1.0,1.0,0.0,0.0,7.592847063076517,1.0,0.0,0.0,33.90010418591063,0.0,,,BB,AA,0.0,0.0,0.0,100.0,0.0,,Y,SYNTH00058,SYNTH00058,SYNTHETIC_ANIMAL_058,SYNTH00058,SYNTH00058,SYNTH00058,SYNTHETIC_ANIMAL_058
SYN0059,SYNTHETIC_ANIMAL_059,SYN0059,SYN0059,SYNTHETIC_ANIMAL_059,,,SYN0059,SYN0059,2022-07-12 17:18:49.280028816,Sample processing at lab,2023-11-12 13:29:01.181069961,Y,,Conventional,2022-11-18 23:26:43.982967157,2027-03-28 03:09:18.066430607,,Heifer,0.0,NP,,8.686317627678266,10.151901437401532,12.64116336957129,SYNTH00059,SYNTHM00000001,SYNTH_SIRE_15,SYN0059,SYNTH00059,SYNTH00059,SYNTHETIC_ANIMAL_059,SYNTH00059,SYNTH00059,SYNTHETIC_ANIMAL_059,GPA,2026-05-28 02:46:34.906348385,96.0,104.0,3232.0,3252.0,778.0,1808.0,3371.0,2922.0,477.0,548.0,707.0,497.0,610.0,348.0,649.0,24.0,0.597515457715001,5.0,0.366119874055989,98.0,90.0,102.0,101.0,104.0,101.0,102.0,97.0,101.0,104.0,91.0,94.0,101.0,102.0,110.0,101.0,97.0,3.0,11.0,11.0,3.0,5.0,-5.0,6.0,-4.0,-5.0,-1.0,3.0,2.0,-1.0,3.0,-0.0,2.0,4.0,-3.0,-0.0,3.0,3.0,1.0,-2.0,0.0,0.0,4.0,4.0,-3.0,-6.0,7.0,-7.0,,,1.0,6.0,0.0,1.0,1.0,0.0,0.0,0.0,0.0,0.7628226600939297,23.35997796768019,1.3270800280921773,0.1927990172075451,9.0,A1/A1,AA,,AA,,0.0,0.0,100.0,,Y,,SYNTH00059,SYNTH00059,SYNTHETIC_ANIMAL_059,SYNTH00059,SYNTH00059,SYNTH00059,SYNTHETIC_ANIMAL_059
